Video ID,URL,Title,Description,Published At,Channel Title,Views,Likes,Dislikes,Comments
Bxhh12yUS-g,https://www.youtube.com/watch?v=Bxhh12yUS-g,Nothing CEO Reacts to MKBHD&#39;s review of Phone (2),Our website: https://nothing.tech/ â¤ Join our community: https://nothing.community/ â¤ Follow us: ...,2024-11-22T01:54:08Z,Nothing,1846415,76139,,"The only company who checks the reviews and try to upgrade themselves very cool nothing | On point, Mr. PEI. You&#39;re like a police, calling him not to overspeed on a speed limit road. | The lights should fill up as you speed and top at 96mph | Iâ€™m just happy thereâ€™s a tech company who even makes videos like that about their products and tries to get personal | I used to wonder the same thing when watching mobile camera reviewsâ€”&quot;Did they clean the camera lens before taking the shot?&quot; Not everyone thinks about that, and some people might just take the photo without considering that a smudged lens can dramatically affect the image quality. thats why i dont believe too much with some of the phone reviewers because im prettty sure some of them are bias with other brands. | Marcus needs to understand that phone company targets average people, so having loads of options in the phone is overwhelming | That thing he mentioned about keeping a  balance is so important. And it pretty much applies with every software and consumer device. | All you got to do is bury the feature under a menu and most people won&#39;t worry about it and the people who value it, will | I love how he looks up like there is someone giving him the answers. | I like how you talk calmly even when responding to criticism...It shows composure. Kudos SeniorğŸ‰ | That dust resembles the condition of the phone for a regular day to day user. An user can see how much the phone attracts dust or smudges. So cleaning it won&#39;t do that. | few CEOs would face their critics so transparently ğŸ‘ ğŸ‘ ğŸ‘ | I&#39;m from South Africa. I am buying the Nothing 3a. Much respect for the Nothing company and the way they do things ğŸ˜ğŸ‘ | we are learning something out of nothing | Great work Carl pei | The dust suggests that he genuinely tested the device as an ordinary user would, rather than presenting it as an advertisement. | I donâ€™t think Iâ€™ve cleaned my phone lenses a signal time in my life | What a brilliant strategy guys. I have never seen this before. I think this is a masterstroke so many new founders and companies missed out on. | It is very important to review a reviewer especially by the companies so that the consumers can have both side opinions. | Exactly that. You canâ€™t go from 0-100 while in a 60. Got to slowly come up to speed then when your customer base is ready expand."
auHl5yy8Bmw,https://www.youtube.com/watch?v=auHl5yy8Bmw,Samsung Samsung S25 Ultra in-depth review Mobile phone digital Digital technology New product launch,,2025-02-06T12:03:14Z,Trendy Tech Review Show,11880532,100888,,"24 It&#39;s cooler, I don&#39;t know if I don&#39;t have taste, but I loved it. | I currently have a iPhone but wanting to swap. You guys think I should just go ahead and get the s25? | Suggest Samsung to continue with S24 ultra design. It looks more premium than the new design of S25 ultra. | Beautiful phone!! I just got the 1TB jade green for $800 from my Supplier, and Pinkgold for my wifeğŸ’ŸğŸ’ŸWe loveee it! | I just got the S25 Ultra and it&#39;s amazing but I like the way the 24 looks with the square edges | S24 ultra looks way betterğŸ¤·ğŸ¾â€â™‚ï¸ğŸ¤·ğŸ¾â€â™‚ï¸ğŸ¤·ğŸ¾â€â™‚ï¸ | I use S24 Ultra and am impressed with the S24 Ultra. I still follow Samsung&#39;s products. If in the future, using iPhone with Samsung will be a perfect fit for me. # Thailand | Mine was s24U am satisfied with it. I won&#39;t upgrade to 25 hell nah. I lov the sharp edges of s24U â¤ï¸â¤ï¸â¤ï¸ | I prefer the design of the S24 Ultra. ğŸ¥° | Got the S25U. The S24U looks way more premium and better screen. Thinking to go back to the S24U | How did u make ur apps like that? | S24 Ultra for the win.ğŸ‰ğŸ‰ğŸ‰ | How did you do that app spinning thing ğŸ˜®ğŸ˜®ğŸ˜® | I still love my galaxy note 20 ultra â¤<br>The screen size is bigger | How did you get your apps/screen to do that?? | I&#39;m still happily rocking my S22U. I recently did a factory reset, and it feels buttery smooth new again. ğŸ˜… | Which launcher or theme is this | I have already S25 Ultra â¤ | ĞšĞ°Ğº ÑĞ´ĞµĞ»Ğ°Ñ‚ÑŒ Ñ‚Ğ°ĞºĞ¾Ğ¹ Ğ¶Ğµ ÑˆĞ°Ñ€ Ğ¸Ğ· Ğ¿Ñ€Ğ¸Ğ»Ğ¾Ğ¶ĞµĞ½Ğ¸Ğ¹? | How to get this type of theme"
-aBIyLMT2KE,https://www.youtube.com/watch?v=-aBIyLMT2KE,Nothing Phone (2a) Review,,2024-03-13T22:43:10Z,Parker Burton,698066,40395,,"â€œMom, what am I getting for Christmas?â€<br>â€œNothing.â€ | &quot;REALLY YOU GOT ME NOTHING&quot;<br><br>&quot;nothing Too Ay? &quot; | Looks like a great phone for anyone who doesn&#39;t wanna go into debt for the latest and greatest models | I love the fact that they&#39;re paying attention to uniform bezels. Would totally buy one if they make one in a smaller form factor like the base iphone models and s series. | I love the display bezels being all symmetrical, it makes it feel more expensive than it actually is | Honestly, Nothing Phone 2a looks better than the regular 2. Just my opinion | I really want to get a nothing phone they look really nice | I just bought it, it feels premium | Woooow I wonder whether one day I will own that | I used to be an Apple user but because of your videos I now have a phone 2a and I&#39;m happy ğŸ˜­ | Watching from Nothing 2a ğŸ”¥ | Pretty cute ğŸ˜Š I enjoy my nothing phone 2 gets better longer you use it | You&#39;re starting to become one of my favourite YouTubers ğŸ˜Š | Parker can you do a camera test  of nothing phone 2a vs Samsung s9. I would love to watch the comparison ğŸ˜Š | Watching and commenting from my new 2a ğŸ˜ | I am buy phone 8/128 nothing a2 22,000 Indian rupees â¤ very nice Phone ğŸ“± | I am facing an <a href=""http://issue.black/"">issue.Black</a> colour is not rendering well.why? | That looks simple. What anybody would expect from &#39;Nothing&#39;. Simple is better. | Where is Rocheâ€™s review? | Iâ€™m so glad I know about this now"
dum2sU-HXEo,https://www.youtube.com/watch?v=dum2sU-HXEo,Sony Is Back With A Crazy Phone! ğŸ¤¯,"In this video, we are talking about the coolest new flagship phone by Sony, the Xperia 1 VII. Along with some good cameras and a ...",2025-06-16T13:19:09Z,Beebom,2638897,82824,,"Being a Sony Xperia user. The only problem with their phones is -lack of properly optimized software. Harware is another level. | For anyone wondering, the price is 1,56,700 rs<br><br>Edit: If only likes could convert to money ğŸ˜… | Having 3.5mm jack &amp; still waterproof ğŸ˜® means all brands are making us fool ğŸ˜ | I miss Sony phones at india ğŸ˜­ğŸ˜­ they are OG phones but unfortunately no one respects it and market went down so it&#39;s rare to see ğŸ¥ºğŸ¥º | Sony should partner with google to make phones. Sony hardware+google software=ğŸ”¥ğŸ”¥ | I use a Sony Xperia 1 from 2021 and I still enjoy using this phone and I still see no problems with using it in 2025. | I am Sony fan, all of their electronics gadgets like mp3 player, ğŸ§, TV, home theater, portable speaker, hard disk, laptop and obviously mobile. All I have or once had from the brand. <br>Initially two smart phones was of Experia. I love Sony as always. Love to pay extra to the Japanese brand. | My last sony was xperia z, prior to that Arc this brought tears to my eyes. | Incase of 3.5mm jack, india manufacturers should learn from sony | I hate that they removed 4k display because sony was the only brand which provided 4k display on smartphone ğŸ˜¢ | Sony is great at everything they do. Sony is the goat no questions asked | I just wish this would come to India, even if in official imported form by Sony India | The greatest point is that this flagship phone is having micro sd card slot. No flagship phones  offer that now. | It is pretty evident that other manufacturers removed headphone jacks and proper stereo speakers to force customers into buying their wireless products.<br>Sony meanwhile didn&#39;t have to worry about it since their core are of business before phones was audio and TV&#39;s. | expandable memory option would have been revelutionary if added | This is call ed proper flagship | You forgot to mention SD Card | Sony&#39;s smartphone is actual flagship .... Provide almost everything... No useless fancy things .. | Actually in my opinion this phone is for only professional photographers end photographers because this camera has lot of potential. | I used Xperia SP in white colour. Just Absolute Beauty. No phone  can match the love i have for that phone. That transparent part at the bottom with changing colors blinking so bright..â¤â¤"
G64Vkysaf8Y,https://www.youtube.com/watch?v=G64Vkysaf8Y,Nothing Phone 3a vs OnePlus 13s SPEED TEST â€“ The Winner DESTROYS the Competition!ğŸ˜±,"In this epic speed test battle, we pit the Nothing Phone 3a against the OnePlus 13s to see which smartphone truly dominates in ...",2025-06-18T09:33:46Z,Mobile Velo,89748,1178,,Vote for nothing ğŸ—¿ | But difference in under 25k &amp; under 55k â¤ğŸ’€â˜ ï¸ | 25k â˜ ï¸ğŸ¥µ 55k ğŸ¤¡ğŸ¤£ | What a stupid comparison | Compare iqoo 13 vs Oneplus 13s instead of this. How can you compare  8 elite powerful chipset with midrange phone? | It&#39;s like your Daddy is comparing you(Nothing) to your friend(OnePlus)ğŸ˜‚ğŸ˜‚ğŸ˜‚ | Next on i phone 16 vs Nokia Pro | Green lines ğŸ˜‚ | Flagship vs midrange | When i check comments i realise creator is oneplus fan like me ğŸ˜Š<br>Nothing bhi pasand hai mujhe tho ğŸ˜‚ | Power of 8 elite ğŸ”¥ | Is oneplus 13s under 25k? | My old phone was OnePlus my new phone is nothing 3A PRO | You opened it in OnePlus app first | Bro it&#39;s the internet ğŸ˜…ğŸ˜… | Bhai dam ta age giye dekhai One puls ar fap nothing ğŸ˜‚  ar pagol r moto comperar koris na ğŸ˜‚ | Demonsity 7300 vs snapdragon 8 elite ğŸ˜‚ | ğŸ¤£ğŸ¤£ğŸ¤£ğŸ¤£Oneplus ka kachra ho rha he ese hi bina Koi test kiye. Khud 60k ka phone he and 30k k phone se compare kar rha heğŸ˜‚ğŸ˜‚ğŸ˜‚. Samsung galaxy s23 se compare karnağŸ¤£ğŸ¤£ğŸ¤£ | One plus papa | Fake âœ”ï¸
wYo8kc1bVAU,https://www.youtube.com/watch?v=wYo8kc1bVAU,Nothing CEO Reacts To YouTubers Review!,Our website: https://nothing.tech/ â¤ Join our community: https://nothing.community/ â¤ Follow us: ...,2024-11-27T00:00:37Z,Nothing,2580703,99011,,"&quot; i see the difference&quot; bro u r the owner of the company | Front of the phone is not a valid comparison at all. Just compare the back of the phone if you want to compare | I agree tbh , that&#39;s a fair point.<br><br>Although I also remember how Carl keeps comparing the nothing devices with iPhones &amp; how he is inspired by Apple.<br>It won&#39;t be foreign if that bleeds into his products , knowingly or unknowingly. | &quot;I saw the difference in half a second.&quot;<br><b>you&#39;re literally the ceo of the company</b> ğŸ˜­ ğŸ™ | He should had said - see you can have cooler iPhone for fraction of the cost | How many Reupload u guys want ğŸ˜­ğŸ˜­ğŸ˜­ğŸ˜­ | I wish Nothing 3 comes with 8 gen 3 / 8s gen 3 | The difference is: iPhone corners are more round than any other phone. | There is a reason he wants his phones to be directly compared with iPhone. | I wish nothing phone 3 doesn&#39;t come with SD 7s gen 3ğŸ˜…ğŸ˜¢ | Huge respect for nothing CEO but still miles to go ğŸ˜¢â¤ | What&#39;s up with people comparing every phone to an iPhone | They&#39;ll also have the same aspect ratio as well, because it makes it easier for devs to deploy hybrid apps. | I seriously donâ€™t know what the obsession is with having something â€˜differentâ€™ - of course as a reviewer itâ€™s harder if things only have minor differences but at this stage weâ€™re all carrying a computer around in our pocket - it needs a big screen and good battery. The rest is software. Love what nothing is doing as a company at least making it look unique, but the weâ€™re at peak mobile device. Itâ€™s like complaining that wheels are round. | I don&#39;t think it&#39;s bad to copy the good part. I like the iPhone&#39;s symmetrical bezels but also like android as my daily driver OS | Yes he is right, front of phones is almost identical these days. | Not being able to distinguish two black slabs is one thing , having the same dimensions is a completely different thingğŸ˜‚ | I can see the difference between the two phones because I own a Nothing cmf phone | fair point but he was talking about edges curviness r exactly same as apple     like screen size &amp; that | &quot;Any phone would be similar &quot;<br>S24 ultra: ğŸ˜‚"
iKSiM0B23a0,https://www.youtube.com/watch?v=iKSiM0B23a0,MrWhoseTheBoss Reviews Nothing Phone,Our website: https://nothing.tech/ â¤ Join our community: https://nothing.community/ â¤ Follow us: ...,2024-12-15T12:30:29Z,Nothing,2742364,142697,,"Lmao, carl pronouncing Arun&#39;s name better than Arun himself | Using Nothing 1 for almost 2 years... And i love it... | Carl Pei is most chill and calm CEO out there | I&#39;m loving this, a CEO responding to us. Keep at it NOTHING. | Respectfully Mr Carl..I was with OnePlus till you left. And then I moved to the nothing 1. Still rocking it with my kid. I think it&#39;s a good option to keep both options available. For me, like the telegram logo/color makes it easier for me to focus and find it when I need it. Monochrome makes it more harder for me. | I&#39;m a long time Samsung user, honestly seeing the CEO of a company being so down to earth is incredibly refreshing. â¤ | i love it how a reviewer is being reviewed!! crazy | #1 reason for me is seeing your project and having a CEO and company communicate their ideas in a way that makes you feel included and part of the journey | Carl looks absolutely high every single time. Goat CEO | Got Nothing 2A yesterday and the phone feels exciting. Thanks for all the hard effort Nothing team has put in to this. | I like how he pronounced Arunâ€™s name the right way | The monochrome display was the major reason why I made my choice for the Nothing phone. I love this balanced and calm UI. | I love how chill and calm also honest with whatever he says about the brand | I&#39;ve been using nothing 2a for 5 months, and I love every part of it, the design, monocrome app icons, widgets, back eveything! good job. | I love my Nothing Phone 1 and 2. Both have fantastic software, great hardware and are priced well. I can&#39;t wait for Nothing 3! | I hope i could afford this perfect piece of technology.. Nothing you&#39;re one of the coolest companies currently in the market, please expand to more products such as speakers, headphones, televisions.. | Hi Carl, soon to be nothing user here. Phone (2a) will be my first android phone and I think Iâ€™ve chosen the right one. I love your vision. | Yes, the monochrome mode does look amazing! | I always like clean interface ğŸ‘ | ngl.. I like the fact that a CEO of a major tech company, speaks directly to consumers in a non scripted way instead of in a carefully prepared by a PR firm show."
AXniwNtwvVo,https://www.youtube.com/watch?v=AXniwNtwvVo,Most powerful Phone Under 30KğŸ”¥ iQOO Neo 10 5G Unboxing,The Most Powerful Phone under 30K iQOO Neo 10 5G After 48 Hours Uses #iqooneo10 #sistechbanna #bestcameraphone ...,2025-05-26T12:59:26Z,Sistech Banna,408408,8001,,Really all rounder mobile gaming camera battery life design | iqoo neo 10 vs iqoo neo 10r which phone is best for gaming best and performance as well photo | Please dont forget to set the phone to 120hz or 144hz before showing us the swipes. I bet u showed us a 60hz motion there. | Bbd sale price kya hoga pls batao iqoo neo 10 ka | Bro ye glass back hai ya plastic | 2K likw left ğŸ¥º | Camera kasa hai realme 13 pro+ se acha hai kya | How muchğŸ‰ğŸ‰ | Model name broğŸ‰ğŸ‰ğŸ‰ | Nice ğŸ¤©ğŸ¤©ğŸ¤© | Very nice | Konsa colour choose karu... Koi help karo | watching on iqoo neo 10r ğŸ—¿ğŸ—¿ğŸ”¥ | Watching on iQOO 13 ğŸ‘½ | Iqoo neo 10 only give 60fps when you set in 120fps | This is 5g phone or not | Bhi jab vedio dekhae to price bhi bata dete yaar â¤â¤ | Irrigating sounds | Iqoo 13 ya iqoo neo 10? Comparable nhi hai but still battry dekhke thoda hesitant hu. 10 has 7k mAh battery. Or wait for Iqoo 14? | Ye wala to mujhe sell kar do
DLyJwgxGDmc,https://www.youtube.com/watch?v=DLyJwgxGDmc,iQOO 13 vs iPhone 15 - Ultimate Comparison #iQOO13 #iPhone15 #iQOO13vsiPhone15,,2024-12-29T14:40:27Z,Techy Kiran,1662236,70133,,"Iquoo 13 is best than iphone 15 ğŸ‘ | Watching on my iqoo 13ğŸ“ˆ | Battery backup not similarğŸ˜‚ | Iqoo 13 is best ğŸ˜ˆğŸ’ªğŸ˜ğŸ’¯ğŸ¤©ğŸ˜ğŸ«µğŸ‘ | Which app you use for video editing â¤ | iQOO z9 is also Best in price segment and performance is also very good | I can&#39;t choose because I have already bought Realme 13 pro+5g for camera phone under 35K ğŸ˜Š | iqoo offline mai aana chahiye budget mai ğŸ¤” | Which is best for casual gaming and camera and battery backup also for media under 40000 | Iâ€™ve been using the iPhone 15 for about a year now, and itâ€™s held up pretty well. The screenâ€™s still in great shape, probably thanks to the Gadgetshieldz screen protector I put on early. Didnâ€™t expect it to last this long, honestly. | Have both neo 9 pro and iPhone 15 â¤â¤ | Gaming content recording which is better iqoo13 or 15 | Mem iphone 13 pro Max ya Iphone 15 konsaa beter hai gaming bahut jyada karta hu | Getting an almost perfect UI, Software, camera and decent performance most people should go with I phone | â¤ Sis what happened to your finger | Is iqoo 13 comes with curved display? | Which one to buy | Iqoo 13 lene wale legend bhai log ğŸ˜ˆ | Iqoo fans attendece here â¤ğŸ‰ | Watching on iQOO 13 it ia beast but UI experience is worst. It feels  like using under 20k budget phone"
pLlfQoxE7P8,https://www.youtube.com/watch?v=pLlfQoxE7P8,Vivo T4 5G Unboxing and First Look  Best 5G Phone Under 20KğŸ”¥,Vivo T4 5G Unboxing and First Look Best 5G Phone Under 20K   #vivoT45G #sistechbanna #bestcameraphone #youtubeshorts ...,2025-04-22T06:10:00Z,Sistech Banna,1016377,15727,,"Bro how you got this mobile....is it a review unit | Camera kaisa hai | Which colors is best pless reply | Vivo T4 , Motorola edge 60 fusion, one Plus nord CE4 ya realme P3 Pro konsa le lu dosto please suggest me | Best video vivo t4 5gâ¤â¤â¤â¤ğŸ‰ğŸ‰ | Nice mobile â¤â¤â¤ | I will buy this phone only coz of its battery capacity &amp; charging speed when it&#39;s price drops to 18k â¤ğŸ”¥âœŒ | Single speaker? | Waterproof nahi he ye | How many hours new phone ah charge podanum | Waterproof or not | Sir , stereo speaker? ğŸ˜¢ | plz btaye 5g support  and fingerprint h kya | Mera bhi yahi mobil hai ğŸ‰ | Pricee?? | Vivo t4 5g me LAN cable se internet use kar sakte hai kya? | Please bataye memory card k liye space hai kiya ??! | Offline price kya h | Price bhi btea kroğŸ˜¡ | Does it have curved screen or normal one&#39;s??"
LLsmHBnPX-Y,https://www.youtube.com/watch?v=LLsmHBnPX-Y,2 Biggest Problems with Nothing Phone 3A &amp; Nothing Phone 3A Pro! ğŸ˜‘ #shorts,,2025-03-19T14:17:42Z,Techade,815196,13400,,"Pani ke under phone daily use karoge kya ğŸ¤”??? Kaunsa maal liya hai mujhe v bej doh | Bought 3a pro a few weeks back. Having a smooth UI experience with some lags here and there. Battery lifes good. Camera is really awesome. All n all if you want a phone that brings clean UI along with balanced quality in almost every aspect, it is for you. | Bhai 7s gen 3 10 august 2024 ko launch hua tha | Bro snapdragon 7 gen 3 was launched last year .. | Guys I&#39;m using Nothing 3a Pro from past 15 days. Great experience, no lag and the best. For gaming (BGMI), it gives 120fps but not constant. Also snapdragon 7s gen3 is not 2yrs old processor it&#39;s still the best. Camera is also so good, and the periscope lens makes it even more better. If you have budget of 30k, I&#39;d prefer Nothing 3a Pro any day! | No it&#39;s better than moto , superb camera quality+ videography especially nothing phone | Bhai Phone ko chalana hai pani main girana nahi hai | Yes, Snapdragon 7s is not meant for gaming but it&#39;ll still give you a decent performance, ofcourse if you want to do gaming hardcore, go with the better specs. But it&#39;s not necessary that ufs 2.2 is worse than other types, I&#39;ve seen majority of cases where ufs 2.2 performes better than ufs 3.1, it just depends on the optimisation algorithm of the mobile. In nothing&#39;s case, the optimisation is quite good, hence it&#39;ll give you quite a good performance. | I recently bought the 3a pro. It was the best purchase heres why: works on bgmi with 120 fps, the camera beats iphone 16 pro and s24 iltra (i tested it side by side) the ui feels the best, premium feeels and even the phone itself looks astonishing. Even thought it has a ip64 rating, you&#39;ve ovbiously not using it in water so conclusion, its like the best. Ill leave the rest on you | Nothing is not left for the compitition, its the brand, know the quality before you speak ğŸ˜‚ | Guys I&#39;m using the 3a Pro, bought on 30 March 2025. I can say that its a great phone overall! | ğŸ˜‚ğŸ˜‚ğŸ˜‚ I am watching from nothing phone 3a ğŸ‰ | Thank you for your review bro I already buying ğŸ˜„ | Just to let you know the ufs 2.2 is dual lane so it&#39;s all good and fast and for the chipset you can get 120 fps in bgmi and 90 fps in most games | Ip68 paani chale jaayga toh warranty dega kya yeh bata pahele | Bro are you sure that snapdragon 7s gen 3 is two years old. Once you check in google it is showing released on August 20th  2024 | Only differentiating factor at this segment is the camera of the moto vs coolness of nothing | If we are gona compare phones like that, then no phone is perfect. You have to consider that whats the amount you are paying. | My uncle got an ip 69 rating phone 5 years ago and he still hasnt dropped it in water. Ip ratings matter only if you&#39;re more outdoors. | Water damage? Dude my 3a pro fell in pool for about 5 mins and after finding it, it still works smoothly and no any problem"
gzOfc2vIoUY,https://www.youtube.com/watch?v=gzOfc2vIoUY,OnePlus Nord 5 Hands On Review: Unbelievable Specs &amp; Beautiful Design!,,2025-06-17T18:16:59Z,Hemel 360Â°,178982,2087,,"Can I use it for my videos | ğŸ“± Glass/Metal Back &amp; Metal Frame<br>âš™ï¸ 9400e / 8s Gen 4<br>ğŸš€ LPDDR5X + UFS 4.1<br>ğŸ”‹ 7000+ mAh (Silicon-Carbon)<br>ğŸ“¸ 50MP + 12MP<br>ğŸ¤³ 32MP<br>ğŸ’§ IP68/IP69<br><br>ğŸ’° â‚¹29,999 (8/256) with card ğŸ’³<br>ğŸ’° â‚¹32,999 (8/256) without card ğŸ’µ<br><br>ğŸ”¥ Would be perfect upgrade to Nord 4<br>âš”ï¸ Strong competitor to F7 &amp; NEO 10 | Does this smartphone have esim? | Aayega or mai lunga wait kr raha hu 8th July kağŸ˜Š | How much price in INR? | How much prize | Price | Meral frame or plastic | Copy of ip | One pluse | Lusero Yudith RodrÃ­guez Ibarra"
n5uH0XVdwNQ,https://www.youtube.com/watch?v=n5uH0XVdwNQ,"A Practical Phone With 10,000 mAh Battery! #realmeGT10000","In this video, we're talking about the new realme phone, the all new realme GT 10000 with 10000mAh battery. The phone comes ...",2025-05-06T06:13:47Z,Beebom,970961,26366,,"thatâ€™s awesome man, i think by 2028 we will have phones with 10,000 mAh battery (minimum) and that would be the minimum standard for flagships too!! itâ€™s crazy to see 9000 mAh batteries on iphonesğŸ”‹ğŸ”‹ | Xiaomi after few days:<br>Introducing redmi turbo with 11000mah battery ğŸ”‹ | Within 2-3 years 8000 mah would be standard in all devices, idk abt samsung and apple | This is what we called &#39;the revolutionary &#39;.â¤<br>Apple will achieve this after after  7 centuriesğŸ˜‚ | Me with 3364 mah battery in my iphone 13 carrying 10000 mah power Bank everywhere ğŸ˜‚ | At the rate phone battery capacities are growing, airlines might soon need to update their in-flight rules! | iPhone 16 pro max : 4685 mAh at 8.3mm and 227g<br><br>Mean will realme: | Battery in phone âŒ phone in battery âœ”ï¸ | I love realme, they&#39;re actually pushing limits | You forgot to mention that it&#39;s a concept phone | Honor Power (it&#39;s a smartphone) held the record with its 8 000 mAh, but this Realme will break Honor Power&#39;s record. I&#39;d awfully like to find out when Realme will launch it and how much it&#39;ll costğŸ¤” | Someone once said , there will be a phone with 10000 mAh, and now it&#39;s here ğŸ˜‚ğŸ˜‚ | And how much time it takes to full charge ğŸ™ƒğŸ˜… | Guys battery trend is  started now | Me using M51 - time to upgrade ğŸ˜… what is expected price? | Bruh. Now i want to wait more so that other brands will start to give higher battery capacity nowğŸ˜‚ | Only Legend knows About Zenfone M1 max pro ğŸ‰ | Buy kaha se karenge | â¤this phone design is much better than nothing | Which model? When will It launch?"
O5ntSgomomU,https://www.youtube.com/watch?v=O5ntSgomomU,Is the Nothing Phone 3a Actually Good?,nothing phone 3a vs iPhone 15 camera test #nothingphone3a #shorts #iphone15plus #mrkprotik #shortsfeed #cameratest.,2025-03-26T17:55:00Z,Mrk Protik,483162,4686,,"I am watching from Nothing Phone 3a white 256GB | Legend watch from nothing phone 3a | Nothing 3a | Watching on nothing 3a | I am also watching this from nothing 3a but come on all! Difference is day and night. Both quality of the pic and priceğŸ˜… | Bahen price segment bhi to dekh... Kya fuddu comparison hai.. | Mai to soch raha hu ki nothing 15 plus kaisa hoga | Sirf sun dekho malum chel jayega konsa atcha hai | Watching on phone 3a | Comparing apple vs orange ğŸ˜… | Nothing ğŸ”¥ | Noting is nothing ğŸ˜… in front of iphone | Nothing â¤ | Watching on nothing phone â¤ | Nothing 3a | Aukat k hisab se competition kiya karo ma&#39;am ğŸ˜‚ğŸ˜‚, kaha 25,000/-  aur 80,000/- kuch toh common sense use karo | Childishness shit,what a shame I cant even automatic call recording my victims it&#39;s my word against theirs,I regret buying nothing 3a pro ,I should go for Samsung the ğŸ‘‘,last year I bought iphone 15 and I regret I thought because of Tesla satellite maybe ,and I went to buy this big useless can&#39;t fit my pocket either | iPhone 15 +â¤ | Nothing 3 a | Nothing mobile 3a"
M3swgz4whOU,https://www.youtube.com/watch?v=M3swgz4whOU,POCO F7 Review: I&#39;m Confused...,"I tested out the F7 Pro & Ultra earlier this year, but now POCO have just released the standard F7 model and I have some mixed ...",2025-06-24T12:30:33Z,TechNick,26673,863,,"Hey, I was right ~ Pricing starts from $399, but you can save with early bird specials! Detailed pricing below ğŸ‘‡<br><br> - 12+256GB: RRP $399 | Early Bird $339<br> - 12+512GB: RRP $449 | Early Bird $399<br> - UK Pricing: RRP Â£389/Â£429 | Early Bird Â£319/Â£359<br><br>Find out more / buy now: <a href=""https://tidd.ly/4egLmiL"">https://tidd.ly/4egLmiL</a><br><br>Hope you guys enjoy the video ğŸ‘Œ | still watching on my poco f1 that me and my father bought 7 years ago | It&#39;s a question to ask ourselves: &quot;what is okay to lose over Pro/Ultra&quot; while we having a bigger battery (why not 7550mah globally). I think mobile gamers will really appreciate F7 over X7 Pro because of the battery and performance when camera is not their priority | That part of &quot;can&#39;t have it all&quot; is my major frustration with midrange devices ğŸ˜µâ€ğŸ’« | Which location was that homes between mountains? | In Europe early bird price is â‚¬399 and you can find the F7 Pro for around that price so...buy the Pro instead. Price has to come down. | Sir I came to know that the sound quality is less compared to iq Neo 10 .is it true .and one more question ,sir always on display is just for 10 seconds or what .can we increase the time of it or not . | Does it have a film protector out of box or something on screen? | I&#39;m looking for a new good budget phone for Â£200 to Â£300 which phone would you recommend? Thanks | I just placed order for the same colour Poco F7 âœŒï¸ | Just ordered it online as soon as the launch was completed. I cannot wait. I&#39;ll be upgrading from a Poco F4. ğŸ˜œğŸ‰ | nice video as always man | Does it have feature called wifi calling? | F7 Ultra has 120w fast charging. Fits into X7 range design-wise. | I wish they give F7 ultra larger display as well ğŸ˜¢ | Why is the battery capacity reduced for markets outside India/China? | honor gt pro ?? | Asian version (India and China) of F7 got More battery, 7500mah and reverse charging. | Hey Nick where do u live in south africa tell the the place I&#39;ll come to visit this place looks beautiful. nature | Do you have it on your website?"
FRQ8R7s0wxk,https://www.youtube.com/watch?v=FRQ8R7s0wxk,The New CMF Phone 2 Pro is Here! ğŸ”¥,"Nothing has just launched the new CMF Phone 2 Pro at â‚¹18999 (â‚¹16999 with the bank discounts) and at this price, it brings a ...",2025-04-28T14:38:00Z,Sillycorns,1058758,27158,,"If you guys want a more detailed look on the CMF Phone 2 Pro, the full video is live on our channel! ğŸ™Œ | The interchangeable lenses seem cool. Another idea for it: physical filters. | Shaktimaan: Finally a worthy opponent, our battle will be legendry | He flew ğŸ˜‚ | Legend is that rupesh is still flying ğŸ˜‚ | How to buy all accessories | They are actually working on user reviews like the charger and the back cover. The lens is also pretty cool | EndğŸ˜‚ğŸ˜‚ | Shaktimaan was nostalgic ğŸ˜… | Accessories kaha se buy karenge | Cmf 2 pro ka woh accesories kanha pe milega... I want to buy | Sir is cmf phone 2 pro ka pura accessories kaha par milega. Please tell me sir ??? | ğŸ˜‚ğŸ˜‚ğŸ˜‚ he always has something funny to show | Finally charger in box... | That Shaktiman part was hilariousğŸ˜‚ğŸ˜‚ | Last one ğŸ˜‚ğŸ˜‚ he flyed ğŸ˜®ğŸ˜®ğŸ˜®ğŸ˜‚<br>I&#39;m always impressed by your funny things bro â¤ | Mind blowing ending for the unboxing... except the lanyard would have been in hand and the product should have been rotating.. | Will all accessories be given in box for online customer ? | Last one got meğŸ˜‚ğŸ˜‚ğŸ˜‚ğŸ˜‚ | Who else thought that cmf released a laptop just after seeing the thumbnail"
CHdwM0SChNE,https://www.youtube.com/watch?v=CHdwM0SChNE,Motorola&#39;s Most-Selling Series Is Here!,"The Moto Edge 60 packs flagship-level features like 50MP OIS cameras, 3x telephoto zoom, curved OLED display, and wireless ...",2025-06-16T11:30:11Z,TechWiser,296007,13132,,"I damn sure that Moto will become the most dominant brand if it enters offline business. | A perfect phone but i don&#39;t like curved screen ğŸ˜­ | Ask them to add a flat screen to make it more attractive. | Also only phone which you can get under 20k with a stylus, decent battery, dual sim and a memory card | Watching this on the Edge 30 Fusion that laid the road! | I visited one of the service centres here in Bhubaneswar, many people were there facing battery charging issues in their newer edge series smartphones (edge 30/40/50series all of them) <br>If you plug the phone in, battery percentage does not go up.<br>There was also a case of greenline after update in a 5month old phone. (P.s.- i was there for my swollen battery replacement) | Is oneplus nord ce series worth waiting for ??? | Thanks for the details.<br>You said 90 seconds, so we know it is done yet, so avoid the fillers and trim to less duration | Xiaomi 14 civi <br>12 + 512 in 33k <br>Should I buy | When is Moto Edge 60 Neo is coming? | Performance and software updates.... | Can you make a seperate video on this as a full review | Motorola truly missed a golden opportunityğŸ˜ . They could have dominated the market by combining the â‚¹ 21k Edge 60 Fusion&#39;s body with a â‚¹4,000 upgrade for the powerful 7+ Gen3 and UFS 4 storage, all while saving costs with a flat display.<br>This would have been an unbeatable package at â‚¹25,000(8/256): Power + Camera + Design. ğŸ”¥ğŸ”¥ | Will there be moto edge 60 neo? | How many android and security upgrade does it offer? | which is the battery app | Why nobody is posting a review video of this phone?? | You missed to say UFS 2.2 at least it should be 3.1 while 4.1 is best | Edge 60 neo ? | full review kabh ayega?"
MT-N9FjzPuA,https://www.youtube.com/watch?v=MT-N9FjzPuA,âŒï¸ Buy Or Not Wait Vivo T4 5G : 1! Big Problem,"vivo t4 5g,vivo t4,vivo t4 5g unboxing,vivo t4 5g review,vivo t4 5g specs,vivo t4 5g price,t4 vivo,vivo t4 5g vs,vivo t4 5g price in ...",2025-04-26T15:37:51Z,TechNaresh,630580,7400,,no one notices that this phones gives basic screen protection. | Ye Phone Best Hai... Students Or Compititive Aspirants Ke liye...A huge battery ğŸ”‹ğŸ”¥ğŸ”¥ | Bhai moto edge 60 fussion ja vivo t4 konsa best hai...plzz reply | But i love this mobile VIVO T45G BEST BATTERY AND PERFORMANCE im even using for zomato delivery and GAMING EXCELLENT 5000NITS DISPLAY AND BATTERY | Vivo 40e best he ya t4 | I fhone 15pro max ya sumsung s24 ultra | Toh bhai jab dono phone ke specs same hai toh iQOO kyu suggest kar rhe ho hum vivo hi nah le le ğŸ˜‚ | Cons : single speaker and no wide angle camera . Big drawback | Vivo T4X id much better with 3.1 ufs storage or dual speakers | Gaming + camera ke liye konsa phone best he ? | Hi bro please suggest 25k under 1best mobile all in one | 3.1 hai mai 2 month s use kr raha hu koi problem nhe | à¤à¤¸à¤¾ à¤•à¥‹à¤ˆ à¤«à¥‹à¤¨ à¤¨à¤¹à¥€à¤‚ à¤¹à¥ˆ à¤œà¤¿à¤¸à¤•à¥€ à¤¤à¥à¤®à¤¨à¥‡ à¤–à¤¾à¤®à¤¿à¤¯à¤¾à¤‚ à¤•à¥€ à¤µà¥€à¤¡à¤¿à¤¯à¥‹ à¤¨à¤¹à¥€à¤‚ à¤¬à¤¨à¤¾à¤ à¤¹à¥‹ à¤†à¤–à¤¿à¤° à¤²à¥‡ à¤¤à¥‹ à¤²à¥‡ à¤•à¥à¤¯à¤¾ à¤•à¤°à¥‡ à¤•à¤°à¥‡ à¤¤à¥‹ à¤•à¤°à¥‡ à¤•à¥à¤¯à¤¾ | Bhai mere paas bhi hai lekin betray brekup jitna socha tha utna  nhi de raha | To kya tujhe company wale 22k me iphone 15 pro max de ğŸ˜‚ğŸ˜‚ğŸ˜‚ | Bhai vivo t4 and oppo k13 mai se konsa best haai? | Realme 13 pro plus kaisa bhai? | Le lu eseâ¤â¤â¤â¤ | Camera kuch khas nahi laga mujhe | Muje Is mobil ma pubg achae sa khel skate hu na or eating bi karni ha ap bato
nCW7tGp4dyQ,https://www.youtube.com/watch?v=nCW7tGp4dyQ,Moto Edge 60 Pro vs Nothing Phone 3a Pro - Which one is better? #motoedge60pro #nothingphone3apro,,2025-05-15T12:37:44Z,Techy Kiran,548044,19310,,"In this generation moto is the best phone ever | Motorola is clearly the better phone. | Try to understand one thing:<br>Specs differ from experience. <br>The Nothing Phone 3a is very well optimized and is infact faster than most devices with LPDDR5X RAM &amp; UFS 3.1. If UFS 2.2 is an issue, switch off ram expansion. I request this creator to not just look blindly at the specs but also talk about its usability and practicality in day-to-day scenarios. By watching this video please don&#39;t come to the assumption that the Motorola is better. It is damn good phone but if u are not a heavy user than Nothing is far better. Software experience, regular updates and reliability of flat display with great cameras is the reason why I would choose the Phone 3a over Motorola. If u like Moto then I respect you choice. Each phone is targeted to a particular Niche. Pls understand this and create informative content. U might have covered all this in your long form videos but people&#39;s final decision is shaped by the videos they daily see either through shorts or yt videos. I personally feel that IP69 is the most gimmicky and useless feature to exist. No one is going to use their phone underwater. Companies can offer soo much more through removing this feature. IP69 does not mean that it is necessarily durable. <br>THANK YOU . | Thank for clear my confusion ğŸ‰ğŸ˜ŠğŸ˜Š | Moto is must better, mene le lia bahut acha performance hai | I am watching the video on my Motorola Edge 60 Pro ğŸ˜„ğŸ¤— | Switched from moto g515g to nothing 3a. Battery is ok for most tasks and last a day easily. In my last moto I noticed the phone slowing down over 2 years. | Respect your confidence Kiran ğŸ‘ | Thank you so much mein ayi jan ne aya thak youTube mein thank youâ¤ | Moto edge 60 pro â¤ is ğŸ‘‘ | Pls do a detailed comparison between Nord 4 and moto edge 60 pro | Moto edge 60 pro vs Vivo v30 pro me kon sa achha hai bataye didi plz <br>Me confuse.. | Motorola edge 60 pro ğŸ‰ğŸ‰â¤â¤ | Mam kauns phone lu | Motorola edge 60 pro ya Realme 14 Pro plus me kon sa Best hai didi..ğŸ˜Š | Cmf 2 pro me ois camera hai kya | What about UI and future updates, Heating issue etc. | I m moto user, i observed that <br>Moto has some issues after using it for a few months,<br>1. Moisture issue in USB port<br>2. Dolby sound reduces <br>3. The charging algorithm won&#39;t match with other chargers (68 watt/65 watt) | Do u have financial or otherwise coordination with moto? | Both phones are not good, better to settle for around 15-17 K phone. I have moto edge 60 pro - Camera is not good specially for night photo shoot. It cannot handle LED light and disturb every snap. UI Crashes sometimes."
ki8al77epc4,https://www.youtube.com/watch?v=ki8al77epc4,"Redmi 14C (2024) , unboxing &amp; review, #redmi #mobile #redmi14c",,2024-10-16T13:00:05Z,Maliklinks01,997330,10700,,Don&#39;t  buy this phone after  10day  this phone is not working | Wrong like 12 GB don&#39;t know <br>Like Philippines only 8 GB redmi 14C ğŸ¤· how so | Ø´ÙƒÙˆÙ† Ù„ÙŠ Ø§Ø­Ø³Ù† sumseng A51 5G ÙˆÙ„Ø§ redmi 14C ? | Pric plzz | Redmi good zahir ğŸ‘Œ | Song name please | I expect so much from ridmi but  find nothing | Bhi ya phon 5g ya 4g hyy | bhai Dam Koto Amina go | I have two 3 doubts <br>1 should i want to buy this<br>2 which processor <br>3 5g or 4g | Iss phone ka price kya hoga | à¦†à¦«à¦¸à§‹à¦¸ à¦«à§‹à¦¨à¦Ÿà¦¾ à¦¨à¦¿à¦¤à§‡ à¦ªà¦¾à¦°à¦²à¦¾à¦® à¦¨à¦¾  ğŸ˜¢ğŸ˜¢ | Ø®ÛŒÙ„ÛŒ Ø§ÛŒÙ† Ú¯ÙˆØ´ÛŒ Ø®ÙˆØ¨Ù‡ Ù…Ù† 75 Ø´Ù‡ Ø¯Ø§Ø±Ù… ÙˆØ§Ù‚Ø¹ÛŒÙ† Ø¹Ø§Ù„ÛŒ Ø§Ø³Øª | Bundan istifadÉ™ edirik | â¤ | 5g support krta hai ya nhi | Nataka moja Bei gani? | Ye wala phone to my bhi leli hu but pata nhi ye phone acha h ki nhi | Mere pas hai but usme 5g support nhi kr rha hai | Kati parxa
RcFKsAUzcXM,https://www.youtube.com/watch?v=RcFKsAUzcXM,Galaxy S24 DESTROYS the S24 Ultra!!,This is a shorts review of the new Galaxy S24. In this review I go over whether or not the Galaxy S24 is basic or if it's amazing.,2024-02-19T14:00:18Z,JSL Review,1174013,35847,,"Whoâ€™s on the regular S24 or S24 Plus?? | Me watching this on an S24 Ultra: it&#39;s a little too late for that ğŸ˜… | Iâ€™d buy the regular S24 because I donâ€™t want a mini tablet in my pocket | In part of Europe or Asia. I would prefer s23 series than the regular s24 itself. You know, exynos had really bad reputation | In India here, they tried to screw us over by selling their Exynos version.<br><br>Instead, no one bought it and only Ultra sold well | Dude the s pen does an insane amount of things its not only for writing its literally a remote for the phone... | Same Snapdragon good Joke Bro, only in USA. Rest of the world gets the shitty exynos crab. ğŸ˜¢ | Is not about the s pen, but many people go for the ultra cause the size and cameras | The 5x zoom was important to me, but if it wasnt I would go for the base model | I will never go without my S pen!!!!! | I like the big screen. Plus, I got big hands. | I use the S Pen a lot, having gotten used to use one with a tablet | A few days ago, I accidentally ran over my A71 at work. So, after I got off, I went and got an S24 Ultra. I personally wanted the bigger screen as I travel full-time and don&#39;t have a TV. So my phone is how I watch movies and TV shows. Basically, it all comes down to personal preference. | Once you go pen... you don&#39;t go back. The ultra is not about using the pen 24/7. It&#39;s about it being there when you finally need to use it.<br><br>Edit: Can everyone chill in the comment section? I don&#39;t care if everyone in the world hates or likes the S-pen. I know what i like, you know what you like. Lets just respect different opinions so i dont need to be pinged forever about this comment that I made months ago. | My true reasons for using the S-Pen<br><br>4. When i want to take full control of screenshot and screenshot editing with precise screen writing.<br><br>3. Easier for editing check stubs/ documents to meet or help friends meet the qualification of something<br><br>2. Signing (or editing) PDFs and sending them back in record timing<br><br>1. Editing watermarks out of my kids school pictures<br><br>I dont use it all the time but i absolutely dont want to be without it. Sort of like my jumper cables. I cant remember the last time my car died. But I&#39;ve jumped peoples car like twice this year.<br><br>OTHER people might have something to do that requires your S-Pen | I got the S24 literally last week and I don&#39;t buy fancy new phones but I tried to buy an S20 (last one to hold SD cards) and they don&#39;t work anymore and there are no more updates from Samsung. Then all a sudden the S24 was on sale down from $1200aud to $877 which is literally half the price of the plus. So I got it. Love it just a little small after years of my old S10 plus. But otherwise it&#39;s a rocket and half the price of the ultra. | Personally i hate the ultras, i prefer the round edges and flat screens its just more aesthetically pleasing | the reason i bought note 9 second hand some times ago is because its the most affordable stylus phone that i could buy at the time that still works ok. truly an on site work phone. take photos, draw arrows, circles, jot notes directly, and sent it to other division in real time, its precise so you can write smaller and longer sentences without zooming and its readable. very nice. should be on cheaper mid range phone with big battery rather than as a complementary stuff on the top of your product line. way better than carrying rugged big tablet with poor battery stylus for on site job. you tend to baby those expensive phone so it lasts long but it defeats the puropse of having stylus on a phone in the first place. its for work. | From the looks I prefer the regular s23 <br>I don&#39;t like those sharp edges | If it had the SPen it would be a yes, can&#39;t be without it"
mjLkpsP1eRY,https://www.youtube.com/watch?v=mjLkpsP1eRY,Samsung Price Drop #shorts,Samsung Galaxy S24 FE Samsung Phone under 40000 Price Samsung Camera Thanks for watching #gyantherapy ...,2025-04-28T15:56:45Z,Gyan Therapy,3598689,104145,,"If samsung switches to snapdragon ğŸ’€ | I see exynos , I skip ğŸ˜‚. | One Ui 7 is a piece of art. Nothing comes close in any android UI | That&#39;s why I call under-budget samsung phones a complete waste of money ğŸ˜‚ğŸ˜‚ğŸ˜‚ | Rule number 1: skip exynos phones. <br>Rule number 2: skip FE series. | Never gonna give exynos a chance again. My Tab S6 Lite died in barely 2 years due to a know defect, but they asked for 7k to fix it. | All those people hate exynos, just remember mediatek historyğŸ˜… | Lekin jisne ye phone 59999 me liya uska kya kata haiğŸ˜…ğŸ˜… | Samsung s21 fe 256 GB.. Pichhle Sal offer Mein 25000 mein liya tha best deal  ğŸ‘ğŸ»ğŸ‘ğŸ»happy | I am using s23 fe. It heats allot some times. Specially while using camera. But gets cool down pretty quick too. It never disappointed me for casual gaming. Overall it provides flagship experience easily. | Shopping therapy powered by SamsungğŸ˜‚ğŸ˜‚ | Dude, this phone&#39;s awesome! Ignore the negative reviews; those are from people who&#39;ve only seen it in videos.  I got mine a month ago, and the UI, performance, and camera are all fantastic.  It blows similar-priced phones out of the water. | I show s23fe 30k 128GB but now showing high in flipkart ğŸ˜… | Amazon is selling s24fe at 37k right now | Sir oppo reno 12 5g pai banau naa | Sir ple suggest s24fe or moto egde 60 pro pls im going to buy a phone soon | Sir A35 kaisa hai | should i buy s24+ at 53k..if not suggest any better phone under 55k (except oneplus) | s24 buy kar na he ? | Sir please help me:-- galaxy A35 vs a36, which one is best to buy??"
Jm9pelfvqp4,https://www.youtube.com/watch?v=Jm9pelfvqp4,Nothing Phone 2a Vs Samsung Galaxy A54 Wide Camera Test Review,Nothing Phone 2a Vs Samsung Galaxy A54 Wide Camera Test Review nothing phone 2a nothing phone 2a price nothing phone ...,2024-12-23T14:21:58Z,Smart Tech 5G,609689,4563,,display a54 far far better than nothing with premium feeling | Samsung Be Like Mere Aage Jhuk Ke Rehena PadegağŸ˜‚ | Nothing 2a ğŸ˜ˆğŸ˜ˆğŸ˜ˆğŸ˜ˆğŸ˜ˆ | Sumsung 36 hajar nothing 2a 24 hajar ğŸ˜‚ğŸ˜‚ | à¤­à¤¾à¤ˆ à¤®à¥ˆà¤‚ à¤•à¤² à¤¨à¤¥à¤¿à¤‚à¤— à¤«à¥‹à¤¨ 2a à¤¹à¥ˆ à¤–à¤°à¥€à¤¦à¤¾ à¤¹à¥ˆ à¤ªà¤° à¤®à¥ˆà¤‚ à¤œà¤¬ à¤«à¥‹à¤Ÿà¥‹ à¤–à¥€à¤‚à¤š à¤°à¤¹à¤¾ à¤¹à¥‚à¤‚ à¤¤à¥‹ à¤«à¥‹à¤Ÿà¥‹ à¤¹à¤¿à¤² à¤œà¤¾ à¤°à¤¹à¤¾ à¤¹à¥ˆ à¤ªà¥‚à¤°à¤¾ à¤‡à¤¸à¤®à¥‡à¤‚ à¤•à¥à¤¯à¤¾ à¤¯à¥€à¤¶à¥ à¤¹à¥‹ à¤¸à¤•à¤¤à¤¾ à¤¹à¥ˆ | A54 ka camera sahi h | A54 | Samsung ğŸ“ˆ | Nothing 2ağŸ˜ğŸ˜ˆğŸ˜ˆğŸ˜ˆ | 2a ğŸ‰ | A 54 sahi hai | Samsung â¤ | A53
Sc4Y045xpe8,https://www.youtube.com/watch?v=Sc4Y045xpe8,CMF Phone 1 by Nothing ğŸ’¥ğŸ”¥ #cmfphone1 #review #unboxing #nothing #CMF #smartphone,,2024-07-09T17:28:09Z,Techxstreet,2204722,97577,,"Starting â˜ ï¸ Ending ğŸ˜ | Don&#39;t get fooled by paid promotion. All the back covers and accessories are very expensive. They won&#39;t reveal that | Usi phone se jo dekh ra hai vo like,<br><br>Mai bhi usi phone se dekh ra huu ğŸ˜‚ğŸ˜‚ | I am watching in cmf phone 1ğŸ˜Š<br>It gives 120 fps in bgmi but when you land at event it gives 60 to 90 fps | Urfi javed ka style hai..... ğŸ˜‚ğŸ˜‚ğŸ˜‚ğŸ˜‚ğŸ˜‚ | Ye to pakka urfi javed ka hi phone hai.........ğŸ˜‚ğŸ˜‚ğŸ˜‚ğŸ˜‚ğŸ˜‚ğŸ˜‚ğŸ˜‚ | Don&#39;t worry market me cheapest quality ke back panel bhi aa jayege ye India haiğŸ˜‚ | Bol to aise raha hai ki jaise 1500 rupay koi 15 rupay ya 150 rupay hai jo maangne me hath me aa jayega ğŸ˜‚ğŸ˜‚ğŸ˜‚ğŸ˜‚ | Bahut mast Laga yah phone sabse badhiyaâ¤ | Update ke bad hang hoga kya bro | Durable hoga kaise Bhai Agar break nahin hoga to log bar bar hajar rupaye mein kaise kharidenge. Company ka fayda bhi to hona jaruri hai ğŸ˜‚ğŸ˜‚ğŸ˜‚ | Nothing should do marketing research &amp; analysis in India before launching a phone | Charger iske sath hi rahega ya alag lena pdega | Can you tell me What fingerprint display does it have? | 16000 ka phone + 1000 ka adapter means total around 17000 utne mein main moto g85 na lelu ğŸ˜‚ğŸ˜‚ | Backpanel alag se milta hai bhai sath mein nhi milta ? | Two major down points in this price one is no dual stereo speakers and other is no charger included in the box | 1499 for one back panel and network issue is common in nothing. | Mobile acha h ğŸ˜Šbut mujhe piche ka kuch jama nhi acha nhi lag rha h.ğŸ˜. piche se bachho ka khilona lag rha h ğŸ¤” | Bhai Mera to sahi hai ğŸ˜Š"
VpOGUMUvIDo,https://www.youtube.com/watch?v=VpOGUMUvIDo,"Samsung Galaxy A55 Review  Pros, Cons, and Surprising Details! 1 #smartphone #tech #review #technews",This is the successor of the most popular and most sold Android phone of the year Yes this is the Samsung Galaxy A-fifty-five and ...,2024-04-08T13:28:06Z,Beebom Fan Club,561743,10515,,"I bought an A35 5G last week because in the US we did not get the a55. I&#39;m coming from a iPhone 12 that was overheating | Real Video suru hone se phale hi khatam ho gaya ğŸ˜‚ | What is the quality of the Samsung A55 display? | A55 Launced on 2024 not 2023 | Which is good a55 or nothing 3a any suggestions? | Cameras are awesome | Which series is better in Samsung? | People also ask<br>Is the Samsung A55 worth buying in India? | A 55 launched in india march 2024 | Is the Samsung A55 battery good? | Price tag | It is the best phone for me | Best wishes | I am using for 7 months | Best&#39; | Which one is best, Samsung A35 or A55? | No problem at all | Abbey ye jo phone h Galaxy A55 h and ye 2024 ke march pe launch huwa h to ye kaiser 2023 Ka top sold phone huwa sala jhuta ğŸ˜¡ğŸ˜¡ğŸ˜¡ğŸ˜¡ | Yes | In Saudi Arabia price is 26000"
D9PtmCUbYks,https://www.youtube.com/watch?v=D9PtmCUbYks,Honor 400 has a huge battery!! #honor #android #phone,,2025-05-22T21:03:19Z,Matthew Moniz,159607,2918,,"Nice looking phone | It&#39;s listed as â‚¬650 on Honor Italy | As much as Iâ€™m happy with my Xiaomi 15 ultra I also wish it didnâ€™t have the bloatwareâ€¦ All of these Chinese phones are just full of it and itâ€™s kinda pissing me offâ€¦ I wanted an amazing phone and I got it but I also had to spend a bunch of time to disable all the bloat and a lot of it is still there working in the background but just with disabled notificationsâ€¦ itâ€™s getting a bit out of hand lately! | Hi Matthew, do you plan on reviewing the S25 Edge once it hits the market? I&#39;ve been looking forward to your review on it | Hi where is the full review | Is it possible to change the color of the control center icons? + | Why is there Limited-time indicated in the generate AI video button? Not lifetime use? | Hey Matthew please review the new Gigabyte Aero X16. That&#39;s the only laptop i want to buy | Which better honor 400 or vivo v50 | Huge battery? The Chinese version has 7200mah | guys in A34 icant use the zoom in 48mp mode then what about honor 400? can i do that or cant use the zoom in 200mp mode?? | My issue with this channel is the presenter introduce all the products with almost same tone .. you can&#39;t feel if the thing actually good or not from a human perspective. Spitting out the specs and facts which can be read online | how to switch off this phone | dude whats with the bots on your comments | 5300 mah not 6000 | isnt that the honor 400 lite? | I got charged in box also | Where is telephoto? | 6000mAh has a china version! In Europe battery is just 5300mAh. You should know about that. No?ğŸ‘ | Hi sir"
nynObVVxGP8,https://www.youtube.com/watch?v=nynObVVxGP8,Is Pixel 9 the camera KINGğŸ¤”#smartphone,In this video we will see if the pixel 9 can beat the iPhone 16 camera! Google pixels are know for having some of the best cameras ...,2024-12-20T17:06:49Z,JMTech,793431,24882,,"All of these photos were NOT edited in any wayğŸ‘ SUBSCRIBE if you like tech content! | The 16s main camera looks better and pixelâ€™s ultra wide looks better in my opinion | Pixel also has a 120hz screen and is 200 cheaper ğŸ˜… | The iPhone&#39;s sharpening algorithm is quite aggressive, particularly noticeable in images from older models like the iPhone 14, often resulting in a pronounced white halo artifact around objects.  This is in contrast to Google&#39;s approach, which generally produces a more natural result.  While the iPhone&#39;s default setting uses a 24MP sensor, and Google&#39;s a 12MP sensor, the level of sharpening applied by the iPhone can sometimes make even 200MP images appear less detailed. But 200mp means not sharper it mean cleaner and softer | imo Pixel &amp; iPhone are the tech version of brothers from another mother. | Why would you put shot B on the top and shot A on the bottom? I&#39;m confused | Both of them had great photos but I like how in pixel, the colors in the images are quite good. The iPhone had great overall details on the subject. | I glaze both pixel and iphones (my fav phones , i haven&#39;t seen it , but here is my opinion <br>1.Looks very cinematic , better in direct light , not as good behind a light<br>2.While it looks not as cinematic in direct light , it&#39;s still pretty good and holds up way better behind a light <br>They&#39;re both insane tho , can&#39;t tell a difference<br>(Ok imma post this comment ; this isn&#39;t biased , i haven&#39;t watch the vid) | Some pepole will say that the iphone camera is better just beacause the colors are more vivid whereas pixel photos are   realy true to life and the colors are spot on . | I liked a from the beginning more but as an iPhone User I thought it would have been the Pixel | This camera battle wonâ€™t stop forever thatâ€™s why these phone are high just get a good budget phone and donâ€™t take blurry photos the rest doesnâ€™t matter | I prefer the camera A just because of its focus and quality of it | i&#39;m now choosing between pixel 9 or 9a | I just got my first iphone (16 pro max) and yet i still prefer my old phone pixel 6a camera. | Good comparison | I just got the iPhone 16. I donâ€™t wanna say anything yet, but I really do like it. I donâ€™t care about the camera really because I donâ€™t take that many photos. I only take photos of my dog, but I love the phone so far | Oppo and vivo has better camera <br>But the pixel has a very good camera still | Shot B : cinematic  ShotA: Brighter | I love your videos keep up the good work:)â¤ | Your judgement and experience basically"
i32MJrEA1Dg,https://www.youtube.com/watch?v=i32MJrEA1Dg,Nothing Phone 3a Unboxing - Indian Variant,Nothing Phone 3a Unboxing - Indian Variant S U P P O R T  by Shopping Through Amazon - https://amzn.to/2E7O7E3 Flipkart ...,2025-03-04T10:31:49Z,Digidoty,439075,7944,,"Best phone nothing 3aâ™¥ï¸ğŸ‘ | Bohut acha camera quality main use kr rh hu is phon | What about the camera quality?? | Theyâ€™re mention that, India Sim only! | Wow  nothing 3a ğŸ˜®ğŸ˜Š | Water purifier hota hai ya nahi please reply do | Im watching nothing 3ağŸ‰ğŸ‰ğŸ‰ | What about charger and headset? | Purchase me before one month ğŸ‘ğŸ‘Œ | Watching from nothing 3a | à®‡à®¨à¯à®¤ à®®à¯Šà®ªà¯ˆà®²à¯ à®†à®ƒà®ªà¯à®²à¯ˆà®©à®¿à®²à¯ à®•à®¿à®Ÿà¯ˆà®•à¯à®•à¯à®®à®¾ | Bro how much of memory was occupied in storage | Nothing mobile United Kingdom ğŸ‡¬ğŸ‡§ brand hai | Offline academy Pro | Postpaid me abhi bhi chalta hai | Color konsa Achha hai | Service center ğŸ˜‚ | Ok I brought the phone and offer in rs 10000 | Airtel 5g kesa chal rahahe? | Jay shree ram"
A_5uA8ZJVnk,https://www.youtube.com/watch?v=A_5uA8ZJVnk,Galaxy A36 5G - budget phone but doesnâ€™t feel like one. #GalaxyA36 #SamsungGalaxy #SamsungA36,,2025-03-18T12:50:46Z,Lim Reviews,483921,7102,,Bought my Samsung a36 recently wow its terrific best mobile ever terrific features recommend it â¤â¤â¤ğŸ˜ŠğŸ˜ŠğŸ˜Š | I am honestly pissed because I bought a galaxy a35 last year while I could&#39;ve waited for this better phone like I&#39;m mad | â¤â¤â¤watching a36 | Brought before 1week &amp; watching from it | Please do a review for this phoneğŸ˜Š | Its better to use samsung keypad phonesğŸ¥¹ than touch screen nowadays | Can you plz tell me what kind ram &amp; storage type A36 have like LPDDR4X or 5X &amp; UFS3.1 or 2.2 in 8/256gb Varinat ( Plz Reply ) | Recently got mine | Recommend putting a cover on this mobile front and back and purchasing extended warranty Samsung a36 is a terrific phone â¤â¤â¤ğŸ˜ŠğŸ˜ŠğŸ˜Š | Just buy a s21fe snapdragon  edition | Watching on a36â¤ | Give it to me | great video great stuffâ¤ | Are A54 users eligible to upgrade to A36? | Same phone idol | Recently gotâ¤ | Me dejas usar tu video para publicitar el celular? | I have samsug a 55 5g do i upgrade to this? | It&#39;s not a budget phone it&#39;s midrange | Brought a36 before 1week
Flyne3-MkR0,https://www.youtube.com/watch?v=Flyne3-MkR0,Oppo A3x smartphoneâš¡under 9k budget smartphone oppo a3x first look first impression &amp; review,,2024-10-20T07:57:00Z,The mobile guru ji ,378305,6089,,"à¤®à¥à¤à¥‡ à¤­à¥€ à¤²à¥‡à¤¨à¤¾ à¤¹à¥ˆ à¤¯à¥‡ à¤®à¥‹à¤¬à¤¾à¤‡à¤² ,à¤•à¤¿à¤¤à¤¨à¤¾ à¤ªà¥à¤°à¤¾à¤‡à¤¸ à¤¹à¥ˆà¥¤â¤â¤â¤â¤â¤ | Bendede  bundandÄ±r superdiâ¤ | Mai to oppo ka k12x li hu bhut mst phone hai 8/256 storage 15k me mil gya | Location | Cost enta | 40 fh se Kam pe chlta Hy es ke upar 000 risalt | à¦†à¦®à¦¿ à¦¸à§‡à¦® à¦«à§‹à¦¨ use à¦•à¦°à¦¤à§‡à¦›à¦¿ à¦¸à§‡à¦°à¦¾ à¦«à§‹à¦¨ ğŸ˜Š | Block calls show nahi Hoti notification nahi ati | à¦†à¦®à¦¿ à¦à¦•à¦Ÿà¦¾ à¦•à¦¿à¦¨à¦›à¦¿ à¦šà¦¾à¦°à§à¦œ à¦¬à§‡à¦¶à¦¿à¦•à§à¦·à¦¨ à¦¥à¦¾à¦•à§‡ à¦¨à¦¾, à¦«à§‹à¦¨ à¦—à¦°à¦® à¦¹à¦¯à¦¼, à¦¦à¦¾à¦® à¦¬à§‡à¦¶à¦¿ Ram Room à¦•à¦®à¥¤ | Baje phn..ami use kori | à¤¬à¤¹à¥à¤¤ à¤˜à¤Ÿà¤¿à¤¯à¤¾ à¤«à¥‹à¤¨ à¤¹à¥ˆ à¤•à¥ˆà¤®à¤°à¤¾ à¤‡à¤¸à¤•à¤¾ à¤¬à¤¹à¥à¤¤ à¤¬à¥‡à¤•à¤¾à¤° à¤®à¥ˆà¤‚ à¤²à¥‡à¤•à¤° à¤ªà¤›à¤¤à¤¾ à¤°à¤¹à¤¾ à¤¹à¥ | Ata amr gorom hoy hang mare 4month hoynai new kinchi akn e off hoiye jay baje set 14999 diea kinchi | à¦šà¦¾à¦œ à¦¤à¦¾à¦•à§‡ à¦¨à¦¾ à¦¤à¦¾à¦°à¦¾à¦¤à¦¾à¦°à¦¿ à¦¶à§‡à¦· à¦¹à§ŸğŸ˜¢ | Nice | à¦†à¦®à¦¿ à¦à¦‡à¦Ÿà¦¾ à¦•à¦¿à¦¨à¦›à¦¿ à¦–à§à¦¬ à¦­à¦¾à¦²à§‹ à¦«à§‹à¦¨ à¦Ÿà¦¾ à§§à§©à§©à§¦à§¦à¦Ÿà¦¾à¦•à¦¾ | Ata ki 4g sate | Price | Rs | à¦«à§‹à¦¨ à¦­à¦¾à¦²à§‹ à¦•à¦¿à¦¨à§à¦¤à§ à¦•à§à¦¯à¦¾à¦®à§‡à¦°à¦¾ à¦­à¦¾à¦²à§‹ à¦¨à¦¾ | Bandra 5 shop Bandra job samad Rizvi"
x3AeIaekV0E,https://www.youtube.com/watch?v=x3AeIaekV0E,CMF Phone 2 Pro - Hype or Flop?ğŸ“±ğŸ¤”,"We're breaking down the highs and the lows of this phone, from standout features to what might hold it back! Watch the full ...",2025-05-21T10:01:37Z,Versus,189411,6233,,"Who the hell needed a wireless charging on a budget phone ?? ğŸ˜® | &quot;No wireless charging&quot; bruh really.<br>This happens when a long term flagship user reviews a budget phone. | Waterproof IP54 rating, 16MP selfie cam, and Mediatek Dimensity 7300 Proâ€”CMF Phone 2 Pro ticks a lot of boxes for me. | Only problem is mono speaker ğŸ˜¶â€ğŸŒ«ï¸ | You expected wireless charging at that price lol ğŸ˜… | Its a very good phone on this price range | Wireless charging is one of the most useless feature that they could add in the phone it literally damages the battery rather than charging it normally even if you use those high quality ones it still wouldn&#39;t prevent the damage by wireless charging | Nice Haircut loved it!!! | Whatâ€™s your recommendation for good cameras in this budget ?? | don&#39;t confuse the Peak Brightness with HBM (High Brightness Mode) | I have one i can promise this is incredible | Great phone for priceâ€¦ nice one CMF. KEEP IT COMING | I love your energy | It&#39;s a really wholesome budget phone. At its price it provides everything necessary to a person. If you really want high quality cameras... better display.. IP 68 and wireless charging.. Just buy a flagship | Maaaaaaaan it&#39;s absurd we have made leaps and bounds in everything but cameras. I would genuinely love a budget phone, the concept of getting so much for so little is awesome but I need a better camera than that, that camera just can&#39;t cut it for anything. | Using that kind of wallpaper/lock screen on a Nothing feels like an abomination | All I am concern about is its speaker. If anybody says that its speaker is ok they I will buy. | Wish the speaker could be better | In Indian version the nfc is not available,but 33w charger and case is provided | Best phone i tried It Amazing"
j3ctcDCudtQ,https://www.youtube.com/watch?v=j3ctcDCudtQ,OnePlus 13s vs OnePlus 12 - Which One to Buy Under 50k? #shorts,,2025-06-06T10:30:25Z,Trakin Tech English,346044,10905,,"Waiting for a comparison video between oneplus 13s vs oneplus 13r | I already bought 1+ 12 for 38k after exchange and bank offers | We want full comparison between this two | I&#39;ve been using the OnePlus 12 for the past 1.5 years and it is a BEAST of a phone<br>The oxygenos 15 update has made it almost perfect except for the reduced battery life<br>Everything else is close to perfectâ¤ï¸ | You should mention that after bank card offer it&#39;s price is 50k <br>Because not everyone has that specific card offer ğŸ¤·ğŸ» | Other brands also need to manufacturer compact Phones on budget | Silver colour bhi aana chahiye tha | oneplus 13s is just compact . but not flagship in any way | Bro please make a video of the best laptop under 35000 | Was searching for this in my mind ğŸ˜‚â¤ thanks erassd | Please make a comparison video of these two smartphone asap.we have been waiting | Forgot to mention the 50W wireless charging? | pls do full comparission video on both mobiles | One plus 12 or s22ultra or pixel 7 pro or iphone 15 or vivo x100 <br><br>Please help me out which one to pick | Oneplus has great cameras. My OP 11 still clicks amazing pictures after two years as compared to modern mid range phones | I also want to call out that if you purchase 1+13s before june 30, you can register for free battery replacement within 3 years if battery capacity falls below 80 which is really good deal if you are using your phone extensively. But need to register before july 15th and remember phone bought before june 30 | Is OnePlus 12 Available | Comparison between these two plz | Software updates bhi consider karne chahiye | Is the price of the oneplus 12 expected to further drop in the Amazon Prime day sale or should I buy it now?<br>Please reply really important"
C5hUBEFaAHw,https://www.youtube.com/watch?v=C5hUBEFaAHw,"A New Budget Phone At 15,999!",We Are Hiring! APPLY HERE: https://techwiser.com/we-are-hiring M35 - https://www.amazon.in/b?node=100133871031 This ...,2024-07-17T10:00:48Z,TechWiser,1722891,65986,,"â€œSymmetric bezelsâ€ <br>The bottom bezels ğŸ’€ | Selling a phone without charger is like selling shirt without buttons | S series phones:â¤ğŸ‘ğŸ»<br>Z Fold : ğŸ˜‘<br>Flip: ğŸ˜<br>Midrange phones from samsungï¼šğŸ’€ | Symmetric bezel âŒ<br>Symmetric THICK bezelâœ… | Notch â<br>Punch Hole âœ… | Except S-series, Samsung&#39;s other models are so boring and cheap looking | These influencers just mislead. Its selling for 19999. | Watching with the same.<br>I&#39;m happy. Only minor problem is display having a warm color tone. Whites are slightly yellowish. | The biggest upgrade was &quot;Punch Hole&quot; ğŸ˜‚ | Samsung makes bezels thicker on purpose for its budget phones. It makes them look cheap, slimmer bezels = flagship phone. The bezels on s24 series are so slim that they aren&#39;t seen tbh. | This is one of the best 60 seconds review of smartphone. This is how the review should be short and sweet. | this phone is not available in many regions, but it is here in Brazil, and its also a really good bang for your buck, evem beating the A35, because in Brazil the only version is the 8/256 one, and its cheaper than the 6/128 A35 and only looses IP67 while getting a bigger battery | 15999 is kind of misleading! ğŸ˜… | Dear team techwiser<br>Look at the comments <br>And grow a spine<br>Else sod off<br>Theres enough tech channels out there<br>You guys are not even &quot;tech&quot;<br>Just adds | Apart from this being an ad , genuinely this feels like a good all round phone | 1380 sounds like it has been there for years.. every samsung budget phone has it.. F23 was legend in budget segment with SD 750 | Sure! M series where the M stands for Motherboard issues after one year! | Make the bottom bezel thin âŒ<br>Make all the bezels thick âœ… | No matter the comments say, the exynos processor is very good | So long time Samsung offered something sensible in budget"
nZ23lOvxba4,https://www.youtube.com/watch?v=nZ23lOvxba4,Galaxy A35 5G Budget Phone Under 20k #samsung,Best Latest Gadgets and Smartphone Samsung Galaxy A35 5G Samsung Technology 8GB RAM 128 ROM 5000 mAh battery 50 ...,2024-10-07T06:04:27Z,Best Latest Gadgets And Smartphone,1038420,13289,,"Beautiful, luxurious, strong and subdues every movement. Samsung Ai Best Very goodğŸ’ªğŸ‘ğŸ‘ğŸ‘ | What material does the Samsung A35 rear camera lens use? | I am very confused which is the best camera and phone with best durability under 20k | Watching this video from my Samsung Galaxy A35â™¥ï¸â™¥ï¸â™¥ï¸ | I am watchin this video samsung a35 so beautiful ğŸ‰â¤ğŸ˜Š | It is under 20000 wich exact price is 350000 is less than 20000. It quit affirdable phone whos budget is 20000. Anyone can buy it with emi. | Bro can you tell me exactly price..<br>You said it is under 20k than how much? | Under 20k ğŸ˜‚ not possible | Phone is good but have heating problem, I bought 3months back. | The A35 came out a year ago (April 2024) and Samsun gis late to upgrade it to One UI 7/Android 15 | Brother mujhe ek phone kharidna hain So mein soch rha hu ki Samsung a35 kiuki wo mera favourite hain lekin mera ek friend liya Samsung a35 1.5 year pehle and uska mobile mein ek white line aya hain so issiliye mein thoda piche hatt rha hu is mobile se,and kya apke mbl pe bhi white green line issue aya hain | Under 20k ğŸ˜‚ i purchased today ğŸ˜® | a35â¤<br>âœŠï¸ğŸ‘ | I can&#39;t see the finger print | Rn watching this video with my galaxy a35 5g lilac â¤price 25k actually more then 25k some extra money went | Bro this phone can not in 20k bugged ples stop to make fool of public it is under 30k | Nice music â¤ | Bezels ğŸ˜¢ğŸ“‰ | How much does it cost | Dope phone ğŸ“±ğŸ“±ğŸ“±ğŸ“± I have own this in blue ğŸ”µğŸ”µğŸ”µğŸ”µğŸ”µ"
wfmmi_v6UVw,https://www.youtube.com/watch?v=wfmmi_v6UVw,HONOR 400 Lite - the budget phone with Appleâ€™s Camera Control! #HONOR400Lite #HONOR400 #honormobile,,2025-04-21T10:57:40Z,Lim Reviews,253955,3692,,This color is the best. I like the small size of the phone.<br><br>I hope they make a phone of the same size but with a flagship processor. | Honor showing apple that the camera button is easy to make and they putting it on on midrange phones while Apple puts it on their best phone | I like it when they show us charger and other stuff at last | Can&#39;t wait for your full review. And to see how the camera performs | I need this phone looking awesome | Super coolâ¤ | Is the 200 better? This 400 looks â¤ | Look premium ğŸ˜³ | Fast charging tak honor 400lite? | Slick looking phone | Sony Ericsson vibe ğŸ‘ | Does the iPhone casingğŸ˜¢fits on these one | Is it released in malaysia? | Wow...nice design and that camera control...is it like Oppo Find X Pro which is pricier. | If only this feature is available on 400 (middle child) | Is there an x-axis or z-axis vibration motor installed? | Yes im waiting | Sleek AF for a budget phone! ğŸ”¥ | Any news on Honor if the going to make a 400 or 400 pro? | That iPhone x Pura hybrid camera island is... They should have stick to oneğŸ˜…ğŸ˜…ğŸ˜…
WIzDA31qUps,https://www.youtube.com/watch?v=WIzDA31qUps,iQOO 13 vs 16ProMax SpeedTest OMG Results ğŸ˜±ğŸ˜²ğŸ”¥ğŸ”¥,,2024-11-02T04:36:59Z,Sai Tech Guru,603686,14671,,"Iqoo rocked ğŸ˜ˆ iphone shockedğŸ¤¡ | Iqoo 12 beats iPhone 16 pro max ğŸ˜‚ | iqoo 13 hota to ab tak long video aa jati is channel peğŸ˜‚ | This is iqoo 12ğŸ˜‚ | why many people think perforamnce just look from first load. <br><br>u need to check frame drop fps. | im an android guy myself and i hate ios because they put anything too expensive  but i think iphone would last longer performance life than most androids | Why the display of iqoo 13 looks bleeded on the right lower side | Si te das cuenta que en el iqoo antes de abrir el juego primero   abre el modo limpieza  y eso toma  mÃ¡s segundos para  limpiar y entrar  quita el modo gamer y haz la prueba nuevamente | STIL FAST IQOO | Iq 12 is faster than Iphone 16pm and now imagine 1q 13ğŸ˜‚ | Iam Ur fan where r u from | When did iqoo related 13 series ğŸ˜‚ | the 13 have the snapdragon elite,   insanely fast. | 50k vs 150kğŸ˜‚ğŸ˜‚ğŸ˜‚ğŸ˜‚ | Le hag Diya tere iPhone perğŸ˜… | What about the performance? Which one is better? | Shame on people who still defend that shit called Apple ğŸ¥´ğŸ¥´ | Hello bro please batao iPhone Me PUBG MOBILE bina VPN ke kaise kia bhaiâ€¦ğŸ™ğŸ™ğŸ™ğŸ¥´ğŸ¤·ğŸ¼ | This comparison is not fair do a S25 ultra king of android and we will see which one is better | Iphone had network issue"
1ezLEiPqHOg,https://www.youtube.com/watch?v=1ezLEiPqHOg,"itel p70 dateiled Quick review best phone under 23,999pkr lot of missing features price in Pakistan",,2025-03-24T20:05:19Z,TECHNICAL.SHAHEEN4,133276,1104,,Konsi jaga please address â¤ | Nice ğŸ‘ğŸ‘ğŸ‘ | Priceeeeerr | â¤â¤â¤â¤ price | How much | Iski price kitni hai | Bhai ap karchi me ho Pakistan | â¤â¤â¤â¤ price ğŸ˜‚ | à¦¸à¦¬ à¦­à¦¾à¦²à§‹ à¦²à¦¾à¦—à¦²à§‹ à¦•à¦¿à¦¨à§à¦¤à§ à¦•à§à¦¯à¦¾à¦®à§‡à¦°à¦¾ à¦­à¦¾à¦²à§‹ à¦¨à¦¾ | à¦­à¦¾à¦‡ à¦¦à¦¾à¦® à¦•à¦¤ à¦Ÿà¦¾à¦•à¦¾
qheCccUDdCM,https://www.youtube.com/watch?v=qheCccUDdCM,Nothing Phone 3A : Review,,2025-05-26T17:13:47Z,Hell of Tech,236043,5671,,"Share feedback in Video | Thanks for Support ğŸ‰ | Koi problem nahi hai mene liya h camera bestâ¤ğŸ˜ | Ma 3-6 hours game khelta hu Mara screen time 11 hours Tak chale jata hai muja nothing ph 3a lana chaiye reply plzz | Mere pass b h bhut badiya h speaker to sabse best h | Bhai maine 2 din phle lai tha nothing 3a battery bakcup jada ni h mai to koi heavy usage ni kr rha kya krna chaiye | Bhai ufs 2.2     3,4 sal bad dikkat to nai dega? | Bhai isme stereo speakers milta hai,? | Bro I&#39;m thinking to buy s24fe but evryone saying green line issues and heating issues is it true if yes can i choose 3a or any another alternative u recommend? | Is mai reverce charging hai ? | Battery backup 7 to 8 hours only so bad | Hi bhaiya samsung galaxy a55 ka review karo please | à¤®à¥‡à¤°à¥‡ à¤«à¥‹à¤¨ à¤®à¥‡à¤‚ à¤µà¤¿à¤¡à¤®à¥‡à¤Ÿ à¤¨à¤¹à¥€à¤‚ à¤“à¤ªà¤¨ à¤¹à¥‹ à¤°à¤¹à¤¾ à¤¹à¥ˆ | Bro esme jo automatic colour change hota h, eska koi solution par video banao bahut user paresan h ğŸ˜¢ğŸ˜¢ | Mere paas nothing 2a plus hai muje to koi bi mistek nhi ieğŸ˜® | Which charger use for it? | Restart problem hai mere mobile me | You look like ayushoxmğŸ˜‚ | Bhai battery bekaar he iski jhut Mt bolo"
T-bjtLjU2v0,https://www.youtube.com/watch?v=T-bjtLjU2v0,Oneplus Nord 4 vs Oneplus Nord CE 4 Camera Test,Oneplus Nord 4 vs Oneplus Nord CE 4 Camera Test oneplus nord 4 vs nord ce 4 oneplus nord ce 4 vs oneplus nord 4 oneplus ...,2024-08-22T11:40:00Z,MobilePapa,1086296,14889,,"Nord ce4 best | Watching form one plus Nord ce 4 ğŸ˜ŠğŸ˜Š | I watching this reel on &quot;OnePlus nord ce 4&quot;ğŸ˜…ğŸ˜‚ğŸ˜‚ğŸ˜‚ | Nord 4 | Ce4 jyada khoobsurat hai piche se camera design.<br>But Nord 4 pasand hai | Nord 4 capture natural tone | Watching on OnePlus Nord ce4 â¤ | I guess both have the same setup of camera, is it so ? | For those who love capturing videos oneplus nord ce 4 doesn&#39;t support switching between ultra wide lens to 1x in mid-recordingğŸ‘. The rest ok | I bought Nord Ce4 today best mobile â¤â¤ | Seeing in Nord ce 4 | One plus phone m green lone wala issue ata h kya? | Mera camera work nhi kar Raha hey kuch option hey ? | 4 better screen<br>Ce4 bang for buck | Watching on Samsung s23 base ğŸ˜‚ | Nord 4 got a nerve<br>Better processor better specs | Watching from ce4â¤ | Watching from nord ce4â¤ | NORD 4â¤â¤â¤ | Which one is best"
RqrMyVuG5BM,https://www.youtube.com/watch?v=RqrMyVuG5BM,Vivo y300 5g smartphoneâš¡vivo y300 photography light first look first impression &amp; review,,2024-11-24T14:37:00Z,The mobile guru ji ,1399017,20777,,à¤¬à¤¹à¥à¤¤ à¤…à¤šà¥à¤›à¤¾ à¤«à¥‹à¤¨ à¤¹à¥ˆ à¤²à¥‡ à¤²à¤¿à¤¯à¤¾ à¤¹à¤®à¤¨à¥‡ à¤­à¥€ğŸ˜Š | Mane bhi le liya nice phone â¤ | Me bhi le liya bahut hi badhiya phone raha ab takâ¤ | Phone le liya bahut accha phone hai Bhai ğŸ‰ | Hi bhaiyya in this phone is there any battery drain prblm ğŸ˜¢ ?? Am thinking about this phone to buy please answer me ğŸ™ğŸ™ | Jise bhi lena ho lelo socho mt mst mob hâ¤ | Mene bhi le liya â¤ | Superb performance â¤ | Prices kya hai | Maine Aaj hi buy Kiya ğŸ‰ | Aura light feature give you aurağŸ˜‚ğŸ˜‚ğŸ˜‚ | Price? | Sir eska jo flash me 2 light diya h uska 1 hi jalta h n ?? Please reply ğŸ˜¢ | Kis ret ka hai ji ye sar | Very disappoint with this phone..... Late camra response in night....all pic capture black ğŸ˜¢ğŸ˜¢ğŸ˜¢ | à¦­à¦¾à¦‡ à¦à¦‡ à¦®à§‹à¦¬à¦¾à¦‡à¦²à¦Ÿà¦¾à¦° à¦¦à¦¾à¦® à¦•à¦¤ à¦­à¦¾à¦‡ à¦†à¦®à¦¿ à¦•à¦¿ à¦œà¦¾à¦¨à¦¤à§‡ | Le liya mine bhi accha phone hai â¤ | How to turn on the ring light on back? | Mujhe samjh nahi arha ye y300 he ya Y 200 | Smooth phone beutiful â¤
2j8cimRX8pw,https://www.youtube.com/watch?v=2j8cimRX8pw,CMF by Nothing Phone 1 5G SmartPhone #Unboxing #Shorts #Gadgets,Buy CMF Phone 1 From Here* https://fas.st/EZTqr.,2024-07-21T13:52:25Z,WhySoTechie,1148174,31742,,This phone is good.<br>Without nfc some people are calling this as bad phone | Gaming experience is really smooth I like it. | I&#39;m watching it from CMF by nothing phone 1 I love this phone it&#39;s so good n love the camera quality too but what I don&#39;t like about is that we don&#39;t get a charger ğŸ˜­ | Those pauses between the music are just awesomeee!!!!!!!!â¤â¤â¤ | Its a good phone i buy it support 120fps and smooth for gaming it go only in 20ms ğŸ˜ŠğŸ˜ŠğŸ˜Š | Better than 10 min review video | Do you have to charge it before activating and setting up mine was with 0% battery | I know this is from 8 months ago but I&#39;m watching this on my CMF Phone 1. | So BGMI already installed. | Amoled 120hz is crazy at this price | Konsa better hoga jbl flip essential 2 or tribit x sound go | GUYS IM PRETTY SURE IT GOT ANDROID 15 ğŸ‰ğŸ‰ğŸ‰ | dream to buy it | Bhai black color back case ka link please â¤ | No charger? | Watch in CMF 1 ğŸ˜â¤ï¸ | Is this good for heavy games ? I&#39;m right on budget | Brilliant detailsâ¤ | CMF phone 1 is very delicate.... display easily broken compared to other phones | Does this phones has audio jack?
SAb4zRyxrD4,https://www.youtube.com/watch?v=SAb4zRyxrD4,Samsung Galaxy S25/Ultra Impressions: What Happened?,It's the same picture. Get an S25 Ultra case that'll never yellow at https://dbrand.com/ghost Samsung Galaxy S25 Ultra: ...,2025-01-22T18:00:39Z,Marques Brownlee,5793508,157710,,"Seems like it&#39;s time for phone manufacturers to release new models every two years now. | Marques: The phone is the same.<br>Arun: Substantial upgrade. | Marques has already played GTA6 and nobody is telling me otherwise. | Hey Marques, my ultimate wish for you when completing reviews is to also add a section where you test the phones camera&#39; at night for both photo and video in both regular mode and &#39;pro&#39; mode. This is my biggest pet peeve when it comes to reviews online, as it almost always never gets done | I feel brands should come up with new phones once every 2 or 3 years now. Reduce waste. More sustainable. And the upgrades are worthwhile. | We have reached peak phone stagnation! | The event hasn&#39;t even started | I only watch these videos about every 3-4 years these days since upgrading phones hasn&#39;t become a necessary yearly or every other year thing anymore (due to the longer lasting and proficient enough features of past models). With that being said, I would have liked to see this review go into more depth on design and features that phones from the past didn&#39;t have, rather than leading with the assumption that the vast majority of the audience was already familiar with what you were referring to. I know I, for one, was not familiar with the boxed-edge design similar to iPhone.<br><br>You mentioned it coming with a stylus and the former model having a Bluetooth compatability. I would&#39;ve liked to see what all that was about since my S21 didn&#39;t have any of that before. Call me &quot;Unc&quot; or old for having an S21, but it was only upgraded 3 years ago despite the S22 being available, I got a much better deal settling for the 21. I understand you push these videos out fast to be the first to get your review out for the masses, but sometimes taking that extra time to understand the product before pushing a review can do you longer term success by giving your audience more of what they needed to feel educated or informed about a product. | Removing the Bluetooth feature on the new S Pen was a mistake. Though not widely used, it was passionately used by vloggers who used the phone. Starting and stopping the camera with the S Pen is convenient. | The event is live now and MKBHD posting  this one just 15 seconds after ğŸ’€ | Arun: It&#39;s the start of a new era<br>Marques: can&#39;t tell the difference | Not Happy With my new S25Ultra Phone. They REMOVED the Super Slow-Motion Video Feature, now you only get up to 240 fps. If I knew that before buying, I would have kept my previous model. DO NOT BUY if Super Slow-Motion is at all important. Big loss for me not to have that capability. | I searched for galaxy unpacked and your video was above the actual samsung unpacked event ğŸ˜­ | You know Marques is unimpressed, when he speaks about the case for more than a minute in a 9-minute review. | This dude has his video uploaded before Samsung can even blink! | I loved the old GIF method on the note. You removed the S-pen, clicked the button, and it brought up a wheel of 5 or 6 things... you picked GIF and it brought up a frame, you moved the frame over what you wanted to clip and hit record. It worked really well. | Really canâ€™t believe the only substantial change Samsung made to the S25 was adding more AI featuresâ€¦ which Google builtâ€¦ and will come to older Galaxy phones in a software update. Basically, theyâ€™re selling us a fresh logo and vibes. | Oh, weâ€™re here alreadyâ€¦ I concider myself a bit of a tech nerd but even Iâ€™m starting to kind of forget about these yearly phones and events. They almost seem to come and go now without leaving you much to think or talk about. <br><br>The FOMO feeling I used to have with new phones is almost completely gone now and thatâ€™s kinda nice. | Watching on my S23 Ultra wondering if it&#39;s time to upgrade. You answered that for me in 26 seconds. Thanks MKBHD | That&#39;s our website shown at <a href=""https://www.youtube.com/watch?v=SAb4zRyxrD4&amp;t=68"">1:08</a> - you have great taste MKBHD ;)"
hIzjHBwjGCk,https://www.youtube.com/watch?v=hIzjHBwjGCk,CMF Phone 2 Pro: Budget Phone of the Year!,Modular. Cheap. And Fun. CMF Phone 2 Pro: https://geni.us/OTwE MKBHD Merch: http://shop.MKBHD.com Intro Track: Jordyn ...,2025-05-01T20:42:22Z,Marques Brownlee,1802573,50530,,"The orange everywhere in the studio is really nice for the video | 3yrs OS Updates and 6yrs security updates. That&#39;s great value for the price. | I got my daughter previous CMF phone, it is insanely fast, the software or interface, what they did is amazing. I plan to either get this or Nothing phone next because of it. | The strongest selling point of this phone are software and the modular back. Cmf doesn&#39;t provide a lot of attachments but you can 3d print/machine your own designs. The community is also very creative and active so expect a lot of designs in the near future | I don&#39;t know why, but I love seeing the screws on the back. It looks so nice. | Not gonna cap, when he talks about camera quality I feel like I&#39;m blind because I can never see the differences ğŸ˜‚ | I love the new back cover! It 3D prints flat this time without needing to print buttons. <br>If youre in to 3D printing this is the phone for you! | <a href=""https://www.youtube.com/watch?v=hIzjHBwjGCk&amp;t=353"">5:53</a> I use the nothing phone 1 for 3 years<br><br>I never knew that you could clear all the apps like that | I was kinda shocked when you asked if it&#39;s ugly. It&#39;s awesome and amazing. It doesn&#39;t look like any other phone that hasn&#39;t changed for years (looking at apple and samsung mhm), which makes it already cool looking. | For those who are curious, the phrase &#39;ëŠì„ì—†ëŠ” ì¶”êµ¬&#39;&#39; written on the zipper pull is in Korean and means relentless pursuit. :D | i truly love the lean in towards the industrial design | 3yrs OS Updates and 6yrs security updates. That&#39;s great value for the price. Who also joined  Xaitorux today? | Just a small note. Upon closer inspection it feels like the NFC feature depends on the region. Itâ€™s present on the US model but not on the Indian model. <a href=""https://www.youtube.com/watch?v=hIzjHBwjGCk&amp;t=479"">7:59</a> | The design is incredible<br>I love that | The orange everywhere in the studio is really nice for the video. Who joined Xaitorux? | I love the design; if I needed a new phone, I would buy it. | love when companies create such things , its cool , innovative while sticking to things that stands out more than high end flagship , would definitely love to use this as my second phone or phone for rough work in rough places like gym or sports | Came here to talk about the thumbnail but I&#39;m speechless.<br>Don&#39;t know if people really care about thumbnails but this is just too amazing to ignore. | Fire Extinguisher needs a recertification as of Jan 25 <a href=""https://www.youtube.com/watch?v=hIzjHBwjGCk&amp;t=538"">8:58</a> btw thought you might want to get a hold of Impact Fire ğŸ”¥ | Love the idea of the orange tone across the studio matching with the phone&#39;s orange color. Well done ğŸ‘"
lusMbO9wbW4,https://www.youtube.com/watch?v=lusMbO9wbW4,Samsung Galaxy S25 Edge vs. S25 Ultra - Which phone should you buy?,,2025-05-13T01:13:55Z,ZDNET,420702,3020,,"THIS IS A BANGER!!!<br>Hope your channel grows! | Thanks for the review, I will keep my s24 ultra and my great Samsung deal s25 ultra (which I did not really need as the s24u is really a great phone,  but the price was good especially with the two year prepaid insurance bundle), using one phone primary and second phone as backup. If I had no phones I think the S25edge is pretty good though). My Ultra s are both 1 TB, which edges out the Edge. | Just imagine:<br><br>iPhone 17 Air vs Galaxy S25 Edge | S25 ultra for me still | Should be under 1K | I can&#39;t decide between the Edge and the Ultra ğŸ˜­ | Question<br><br>Is there screen protector on s25 Ultra? | We want smaller ultra phone not thinner !!!!!!!!!!! | Doesn&#39;t make sense at all <br>3900 mah won&#39;t even last a full day <br><br>You most probably need to charge it twice even for basic use <br>For heavy use thrice a day<br><br><br>While just giving a few bucks extra you got s25 ultra which lasts a full day even in moderate use case <br><br>If you can fit same battery of s25 ultra in thin phone than only it makes sense <br><br>Or at least give 90-120w fast charging ğŸ˜… | I want tiny mobiles and not thin ones | Esos modulos de cÃ¡mara tienen un toque mucho mas premium! Asi es... ğŸ«¶ğŸ¼ğŸ¤³ğŸ¼ | S25 ultra | Nice phone , I hink that I am going to get one ,I just told my sis thats the phone to get. Loaded | I often play games, and I&#39;m worried about the battery. | Edge is such a scam | That s25 ultra screen looks scratched | When Apple announced they were making a thin phone, Samsung made a thin phone.<br>Also, this looks EXACTLY like the iPhone 16.<br>They just make a bootleg iPhone 16 that is thinner, and sold it for 300$ more. | Just buy a mint S21 Ultra in black and call it a day | Samsung totally MAD | Ultra by miles"
Nj3WvKHBhrA,https://www.youtube.com/watch?v=Nj3WvKHBhrA,Samsung A35 vs OnePlus Nord 4 Camera Test,Samsung A35 vs OnePlus Nord 4 Camera Test samsung a35 vs oneplus nord 4 samsung galaxy a35 review samsung a35 ...,2024-08-17T13:15:01Z,MobilePapa,1509090,22518,,"Low budget - Realme ğŸ‘‘<br>Mid budget - Oneplus ğŸ‘‘<br>Flagship - Samsung ğŸ‘‘ | I am using A series from 5 years where I never faced any issues that so I loved Samsung | The Nord is better matched for the a55<br>Please compare them<br>And compare the Nord ce 4 lite and the a35 | Seriously, People are satisfied with camera and buying phone instead of overall performance and Processor etc. Oh Damn. | The fly was a paid actor | Look at those bezels ğŸ˜¶wtf this is 2024 samsung | Samsung â¤<br>Natural photo with sharpness ğŸ˜ˆ | OnePlus Nord 4 is amazing ğŸ¤©ğŸ˜ | Bhaiyo m Samsung Galaxy A50 use kr rha hu jb se lunch hua h abhi tk koi problem nhi hua h yr badiya chl rha h bs data cable khrab huee h charger bhi bahi use kr rha hu abhi tk Samsung is best | Can you see yellowish exposure of one plus <br>Thats not case in samsung <br>( btw both mobile company is best ) | We need less bezel. There&#39;s no reason any phone should have such thick bezels, especially heading into 2025 | Why one plus is capturing in warm tone made the leaf from green to yellowish green | One plus Nord 4 best | Actually i failed to understand which phone has better camera | Bhaiyo me vivo y20g use kr rha hu dur dur tak koi muqabala nhi h. 4g phone h jab se liya h tab se kuchh change nhi h phone bhi wahi h. Charger bhi wahi h. Data cable wahi h. 4 years ho gye phone ko. Mst chalta h | OnePlus is allrounder phone in the world ğŸŒğŸŒğŸŒğŸŒğŸŒğŸŒğŸŒğŸŒ iâ¤â¤ this OnePlus | Which is best mobile please suggest mi any one............ ğŸ¤”ğŸ¤” | It&#39;s like comparing oil painting with a sharp photo, you know which phone photo is oil painting | I use Samsung from last 6 year <br>Not a single issue <br>I love Samsung â¤ | Low budget - vivov ğŸ‘‘ğŸ‘‘                                       MiD budget - Motorola  ğŸ‘‘ğŸ‘‘.                      Flagship - Apple ğŸ‘‘ğŸ‘‘"
zEkrHlusGVY,https://www.youtube.com/watch?v=zEkrHlusGVY,Tecno camon 40 pro review bangla,Tecno camon 40 pro review bangla#tecno camon40pro#unboxing#duet#smartphone#,2025-03-22T22:14:55Z,S Telecom,345431,4245,,"à¦­à¦¾à¦‡à§Ÿà¦¾ à¦†à¦®à¦¿ à¦à¦•à¦Ÿà¦¾ à¦«à§‹à¦¨ à¦¨à¦¿à¦¤à§‡ à¦šà¦¾à¦šà§à¦›à¦¿ à¦†à¦ªà¦¨à¦¾à¦° à¦²à§‹à¦•à§‡à¦¶à¦¨ à¦•à§‹à¦¥à¦¾à§Ÿ à¦œà¦¾à¦¨à¦¾à¦¬à§‡à¦¨ à¦ªà§à¦²à¦¿à¦œ | à¦¬à¦¾à¦¸à§à¦¤à¦¬à§‡ à¦•à§à¦¯à¦¾à¦®à§‡à¦°à¦¾à¦° à¦œà¦¾à¦¯à¦¼à¦—à¦¾à¦° à¦•à¦¾à¦²à¦¾à¦° à¦†à¦²à¦¾à¦¦à¦¾ | à¦¦à¦¾à¦® à¦•à¦¤ à¦­à¦¾à¦‡à¦¯à¦¼à¦¾ à¦œà¦¾à¦¨à¦¾à¦¬à§‡à¦¨ à¦•à¦·à§à¦Ÿ à¦•à¦°à§‡ | Samsung S7 edgeğŸ˜‚ | à¦šà¦Ÿà§à¦Ÿà¦—à§à¦°à¦¾à¦® à¦†à¦ªà¦¨à¦¾à¦¦à§‡à¦° à¦¶à§‹à¦°à§à¦® à¦•à§‹à¦¨ à¦œà¦¾à¦¯à¦¼à¦—à¦¾à¦¯à¦¼ | à¦¸à§Œà¦¦à¦¿ à¦¤à§‡ 5g à¦­à¦¾à¦°à§à¦¸à¦¨ à¦ªà¦¾à¦“à¦¯à¦¼à¦¾ à¦¯à¦¾à¦¯à¦¼ à¦¶à§à¦§à§à¥¤ | Motorola 50 Pro use kori Purai makhon ğŸ˜…ğŸ˜… | Ata price 28k | Proce in bd how mach | à¦…à¦¨à§‡à¦• à¦¸à§à¦¨à§à¦¦à¦° | Dam koto unofficial | Pirce koto | Ami ata ues kori | Bayerda model koto | à¦­à¦¾à¦‡ à¦šà¦¾à¦°à§à¦œ à¦Ÿà§‡à¦•à§‡ à¦¨à¦¾ ğŸ˜¢ | i am i phone user | à¦¦à¦¾à¦® à¦•à¦¥ | â¤ | à¦¬à¦¾à¦œà§‡ à¦•à§‹à¦®à§à¦ªà¦¾à¦¨à¦¿, à¦•à¦¿à¦›à§à¦¦à¦¿à¦¨ à¦ªà¦°à§‡à¦‡ à¦«à§‹à¦¨ à¦¹à§à¦¯à¦¾à¦• à¦•à¦°à§‡.... | C&#39;est combien"
SaJJvXxACyA,https://www.youtube.com/watch?v=SaJJvXxACyA,ALL the Phones @mkbhd  Has Used Since 2006 - 2025!,mkbhd #apple #iPhone #marquesbrownlee #phones #tech #review #smartphone #nostalgia All the phones that @mkbhd Has ...,2025-06-11T15:19:35Z,Tech podcasts,4269463,0,,"That HTC was the Porsche of cell phones at that time | And people still call him an apple fanboy | I miss my htc one. The diamond cut edges, the beats audio etc... such a good phone | The iPhone 12 pro copy and paste clip is hilarious ğŸ˜… | It&#39;s really a shame HTC disappeared... they made good phones. I used the HTC M8 for the longest time! | I remember Overclocking phones with custom ROMS to over 1.6 Gigahertz ğŸ˜‚ğŸ˜‚. The good Old days When Android was Truly Free | The htc m7 and m8 were masterpieces. The design still looks phenomenal. It was way ahead of its time. | He is a man of culture for having the McLaren OnePlus,my brother had that phone for ever and it looks gorgeous and it never broke until this day | Htc m7 and m8 are hands down 2 of the best phone ever produced. Miss my M8 all the time. | I wish HTC still made phones. | I had the blue HTC ONE from Best Buy. Still have it lying around. My favorite phone of all time. | I&#39;m still using and watching this on Oneplus 7t pro mclaren edition. This phone&#39;s a beastğŸ—¿ | The Motorola Droid is a legendary phone | Notice the only one he felt the need to explain himself on was the year he used the iPhone the most ğŸ˜‚ | HTC One was a beast. I kept changing the ROM and upgrade it. I think I had that one for 5 years. In the end it completely looked like an iPhone (not just the homescreen, but everything. Such a brilliant thing. | All the phones i used, nokia 6600, nokia 7610, blackberry 9300, nokia N95, nokia N96, iphone 3gs, iphone 4S, iphone 5, iphone 5s, iphone 6s, iphone 7 plus, iphone x, iphone xs, iphone 12 pro max, iphone 15 pro max | XDA developers was the GOAT during those early android times, even now they&#39;ve started porting s24/25 rom to s20 and below.. | using the oneplus 7t pro since december 2019, still works perfectly, amazing performance. Only thing that makes me wanna buy a new phone is having one with 5g support tho plan to use this phone until its unusable. Battery life still lasts the whole day as I used to keep it between 20% and 90% | That Google nexus was something special ğŸ˜Š | Note 2 was ahead of everyone, it was the big phone revolution! Nothing is too big of a phone after that."
eZSPIfiDzvg,https://www.youtube.com/watch?v=eZSPIfiDzvg,iPhone 16 Pro 2 Months Later,This is a short review of the new iPhone 16 Pro and why I think it's the worst phone 2024. It's not that the iPhone 16 Pro is a bad ...,2025-01-01T14:00:29Z,JSL Review,267943,5567,,"I upgraded from an 11 pro. No point getting the 15 Pro, as the 16 Pro is a more refined version. And thereâ€™s no way I could wait another year with my battery health being 64% | iPhone 16 Pro is a good phone Donâ€™t let other people change your mind. | Faster chip (as always)<br>Extra ram<br>48mp ultrawide camera<br>Apple intelligence<br>That&#39;s not really the same as last years<br>Plus... WHO UPGRADES THEIR PHONE EVERY YEAR???? | It was a great upgrade for me coming from a base 13. | Wdym it&#39;s the worst phone of 2024?<br>I upgraded from a 12 Pro to 16 Pro and it&#39;s so much better in terms of battery life and having that 120 refresh rate is so good. | Dude you literally get a new iPhone every year. Itâ€™s the not an upgrade to you personally. But for others itâ€™s a big upgrade. | I&#39;ve got a 14 pro (from an iPhone 11), will never go back to a 60hz refresh rate screen and will wait until my battery health is below 80% before replacing it and will wait until a revolutionary iPhone comes out to replace my current. | iPhone 16pro is not for people using iPhone 15pro itâ€™s for people still using iPhone 11,12,13  or even older versions like me ğŸ˜„ğŸ˜„ | If you want half the battery life choose 15 pro | I actually use the camera button a lot. It makes taking quick pics super easy. | This is false. The camera quality is better than iPhone 15. | What?? If itâ€™s the same phone as last year how is it worse??? | upgrade from a base 7 to a base 16 itâ€™s a major upgrade for me | I just upgraded from a samsung a52s to an iphone 16 pro for my birthday and i love it | I just use the button to open the camera. After that I just use the camera as normal ppl | I upgraded from 15 pro max to 16 pro max. And test them side by side by making content and I notice a huge difference in the camera. 16 pro max shots are brighter and crispier especially in 2x shots both picture and videos while maintaining the highlights better. I didn&#39;t notice any difference in sharpness tho. <br><br>I just made sure first before selling my 15 pro max. Or returning my 16 pro max. But yea, I just ended up selling my 15 pro max. 16 pro max is not a huge upgrade from 15 pro max. But when it comes to camera and battery, I just think it is huge. | Compared to the 15 pro, the 16 pro is a lot better | â€˜Itâ€™s virtually the same phone as last yearâ€™â€¦you can pretty much say that every year a new phone comes outğŸ¥´ | Gulp I have the black iPhone 16 pro | As someone who came from an iPhone 11 the iPhone 16pro is a great update just donâ€™t upgrade it every year like some people do itâ€™s unnecessary."
l3E6K1L276U,https://www.youtube.com/watch?v=l3E6K1L276U,The $15 AliExpress iPhone 15 is FINALLY Here,The $15 AliExpress iPhone 15 is FINALLY Here Socials: Twitter âœ https://twitter.com/pinchify Twitch ...,2023-11-21T23:14:58Z,Pinchify,6092411,353012,,"you should bring the fake iPhone to a repair shop to see what they do | Bring it to &quot;i gotchu&quot; guy | Imagine if it turns on and says &quot;The bluetooth device is ready to pair&quot; | Its a iphone 15 replica. Its used as a movie or tv prop. You actually got a fairly good deal on it...two of them from amazon ran me a little over $40 | Bro his barber committed a war crime on this guy&#39;s head | When he said itâ€™s really light I thought was gonna be a piece of cardboard with round edges | really good for movies, looks legit and cost isnt a problem for if they have to break it | Bro expecting to a demo phone to be turned on | You should try to press every button at once not like pressing for 1 second then maybe it turns on? That worked on me in my iphone xs when i was a kid | Bro expects a $15 Iphone to work ğŸ’€ | Open the phone to see if there is even a battery | If a robber asks for ur phone give him the fake one | You should definitely bring it to <i>The Greatest Technician That&#39;s Ever Lived</i> | Bro got scammed by his barberğŸ˜‚ | You have to press the on button for a little i think to turn it on | That&#39;s what you get for 15$<br>Now say,<br>&quot;This is way better than I expected for 15$&quot;<br>Edit:TYSM FOR THE LIKES | Bro left it for 3 minutes and expected something | This is a good trick if your parents say you need to put your phone somewhere before bed. Just give them this | When you travel to Brazil, you always need a fake phone so they don&#39;t steal your good phone. | Chappri will go crazy with this one."
lSTk1tb9yOo,https://www.youtube.com/watch?v=lSTk1tb9yOo,Poco F7 Review | Best Phone Under 30000? #pocof7 #review #gaming,"The Poco F7 comes at 30000 rupees and brings a lot to the table. With its flagship specs, this phone has a unique design, but ...",2025-06-24T14:28:16Z,Gadgets 360,1386,33,,Sir please make a latest video on Relame gt6 its now under 30k n non of the ytbers r making video on this phone anymore
